movie_title,release_date,genre,director,character,voice-actor,revenue,rate
Recess: School's Out,16-Feb-01,9,Chuck Sheetz,,,54656124.0,0
D2: The Mighty Ducks,25-Mar-94,9,Sam Weisman,,,94226333.0,3
Home on the Range,2-Apr-04,9,Will Finn,Alameda Slim,Randy Quaid,67910166.0,3
Home on the Range,2-Apr-04,9,Will Finn,Audrey the Chicken,Estelle Harris,67910166.0,3
Home on the Range,2-Apr-04,9,Will Finn,Buck,Cuba Gooding Jr.,67910166.0,3
Home on the Range,2-Apr-04,9,Will Finn,Grace,Jennifer Tilly,67910166.0,3
Home on the Range,2-Apr-04,9,Will Finn,Jeb the Goat,Joe Flaherty,67910166.0,3
Home on the Range,2-Apr-04,9,Will Finn,Junior the Buffalo,Lance LeGault,67910166.0,3
Home on the Range,2-Apr-04,9,Will Finn,Larry the Duck,Marshall Efron,67910166.0,3
Home on the Range,2-Apr-04,9,Will Finn,Lucky Jack,Charles Haid,67910166.0,3
Home on the Range,2-Apr-04,9,Will Finn,Maggie,Roseanne Barr,67910166.0,3
Home on the Range,2-Apr-04,9,Will Finn,Mrs. Calloway,Judi Dench,67910166.0,3
Home on the Range,2-Apr-04,9,Will Finn,Ollie the Pig,Charlie Dell,67910166.0,3
Home on the Range,2-Apr-04,9,Will Finn,Pearl Gesner,Carole Cook,67910166.0,3
Home on the Range,2-Apr-04,9,Will Finn,Rico,Charles Dennis,67910166.0,3
Home on the Range,2-Apr-04,9,Will Finn,Rusty the Dog,G.W. Bailey,67910166.0,3
Home on the Range,2-Apr-04,9,Will Finn,Sam the Sheriff,Richard Riehle,67910166.0,3
Home on the Range,2-Apr-04,9,Will Finn,Wesley,Steve Buscemi,67910166.0,3
Young Black Stallion,25-Dec-03,13,Simon Wincer,,,9254344.0,0
What's Love Got to Do With It,9-Jun-93,7,Brian Gibson,,,79618610.0,5
Lady and the Tramp,22-Jun-55,7,Hamilton Luske,Al the Alligator,Thurl Ravenscroft,1236035515.0,0
Lady and the Tramp,22-Jun-55,7,Hamilton Luske,Aunt Sarah,Verna Felton,1236035515.0,0
Lady and the Tramp,22-Jun-55,7,Hamilton Luske,Beaver,Stan Freberg,1236035515.0,0
Lady and the Tramp,22-Jun-55,7,Hamilton Luske,Darling,Peggy Lee,1236035515.0,0
Lady and the Tramp,22-Jun-55,7,Hamilton Luske,Jim Dear,Lee Millar,1236035515.0,0
Lady and the Tramp,22-Jun-55,7,Hamilton Luske,Jock,Bill Thompson,1236035515.0,0
Lady and the Tramp,22-Jun-55,7,Hamilton Luske,Lady,Barbara Luddy,1236035515.0,0
Lady and the Tramp,22-Jun-55,7,Hamilton Luske,Peg,Peggy Lee,1236035515.0,0
Lady and the Tramp,22-Jun-55,7,Hamilton Luske,Si & Am,Peggy Lee,1236035515.0,0
Lady and the Tramp,22-Jun-55,7,Hamilton Luske,Tramp,Larry Roberts,1236035515.0,0
Lady and the Tramp,22-Jun-55,7,Hamilton Luske,Trusty,Bill Baucom,1236035515.0,0
Corky Romano,12-Oct-01,9,Rob Pritts,,,35705805.0,4
The Waterboy,6-Nov-98,9,Frank Coraci,,,288691833.0,4
Captain America: The Winter Soldier,4-Apr-14,12,Anthony Russo,,,268013076.0,4
Pirates of the Caribbean: Dead Man’…,7-Jul-06,13,Gore Verbinski,,,544817142.0,4
Ladder 49,1-Oct-04,12,Jay Russell,,,101161045.0,4
Coyote Ugly,4-Aug-00,7,David McNally,,,95070168.0,4
The Sixth Man,28-Mar-97,9,Randall Miller,,,27117599.0,4
Dick Tracy,15-Jun-90,12,Warren Beatty,,,207231621.0,3
Sister Act 2 Back in the Habit,10-Dec-93,9,Bill Duke,,,116965668.0,3
Blame it on the Bellboy,6-Mar-92,9,Mark Herman,,,5872667.0,4
The Hunchback of Notre Dame,21-Jun-96,13,Gary Trousdale,Achilles,None,190988799.0,0
The Hunchback of Notre Dame,21-Jun-96,13,Gary Trousdale,The Archdeacon,David Ogden Stiers,190988799.0,0
The Hunchback of Notre Dame,21-Jun-96,13,Gary Trousdale,Captain Phoebus,Kevin Kline,190988799.0,0
The Hunchback of Notre Dame,21-Jun-96,13,Gary Trousdale,Clopin Trouillefou,Paul Kandel,190988799.0,0
The Hunchback of Notre Dame,21-Jun-96,13,Gary Trousdale,Djali,None,190988799.0,0
The Hunchback of Notre Dame,21-Jun-96,13,Gary Trousdale,Esmeralda,Demi Moore,190988799.0,0
The Hunchback of Notre Dame,21-Jun-96,13,Gary Trousdale,Hugo,Jason Alexander,190988799.0,0
The Hunchback of Notre Dame,21-Jun-96,13,Gary Trousdale,Judge Claude Frollo,Tony Jay,190988799.0,0
The Hunchback of Notre Dame,21-Jun-96,13,Gary Trousdale,Laverne,Mary Wickes,190988799.0,0
The Hunchback of Notre Dame,21-Jun-96,13,Gary Trousdale,Quasimodo,Tom Hulce,190988799.0,0
The Hunchback of Notre Dame,21-Jun-96,13,Gary Trousdale,Victor,Charles Kimbrough,190988799.0,0
Ernest Goes to Jail,6-Apr-90,9,John R. Cherry III,,,49999822.0,3
Ant-Man,17-Jul-15,12,Peyton Reed,,,180202163.0,4
The Shaggy Dog,10-Mar-06,9,Brian Robbins,,,78667428.0,3
The Life Aquatic with Steve Zissou,10-Dec-04,9,Wes Anderson,,,32198655.0,5
Bridge to Terabithia,16-Feb-07,7,Gábor Csupó,,,100760721.0,3
Beauty and the Beast,13-Nov-91,15,Gary Trousdale,Armoire,Jo Anne Worley,363017667.0,0
Beauty and the Beast,13-Nov-91,15,Gary Trousdale,Babette,Mary Kay Bergman,363017667.0,0
Beauty and the Beast,13-Nov-91,15,Gary Trousdale,Baker,Alex Murphey,363017667.0,0
Beauty and the Beast,13-Nov-91,15,Gary Trousdale,Beast,Robby Benson,363017667.0,0
Beauty and the Beast,13-Nov-91,15,Gary Trousdale,Belle,Paige O'Hara,363017667.0,0
Beauty and the Beast,13-Nov-91,15,Gary Trousdale,Bimbette,Kath Soucie,363017667.0,0
Beauty and the Beast,13-Nov-91,15,Gary Trousdale,Bookseller,Alvin Epstein,363017667.0,0
Beauty and the Beast,13-Nov-91,15,Gary Trousdale,Chef Bouche,Brian Cummings,363017667.0,0
Beauty and the Beast,13-Nov-91,15,Gary Trousdale,Chip Potts,Bradley Michael Pierce,363017667.0,0
Beauty and the Beast,13-Nov-91,15,Gary Trousdale,Cogsworth,David Ogden Stiers,363017667.0,0
Beauty and the Beast,13-Nov-91,15,Gary Trousdale,Fifi the Featherduster,Kimmy Robertson,363017667.0,0
Beauty and the Beast,13-Nov-91,15,Gary Trousdale,Gaston,Richard White,363017667.0,0
Beauty and the Beast,13-Nov-91,15,Gary Trousdale,Le Fou,Jesse Corti,363017667.0,0
Beauty and the Beast,13-Nov-91,15,Gary Trousdale,Lumière,Jerry Orbach,363017667.0,0
Beauty and the Beast,13-Nov-91,15,Gary Trousdale,Maurice,Rex Everhart,363017667.0,0
Beauty and the Beast,13-Nov-91,15,Gary Trousdale,Monsieur D'Arque,Tony Jay,363017667.0,0
Beauty and the Beast,13-Nov-91,15,Gary Trousdale,Mrs. Potts,Angela Lansbury,363017667.0,0
Beauty and the Beast,13-Nov-91,15,Gary Trousdale,Philippe the Horse,Hal Smith,363017667.0,0
Beauty and the Beast,13-Nov-91,15,Gary Trousdale,Sultan the Footstool,Frank Welker,363017667.0,0
Miami Rhapsody,27-Jan-95,8,David Frankel,,,9857435.0,4
A Bug's Life,20-Nov-98,13,John Lasseter,,,288981698.0,0
3 Men and a Little Lady,21-Nov-90,9,Emile Ardolino,,,143108869.0,3
The Puppet Masters,21-Oct-94,3,Stuart Orme,,,17727017.0,5
Signs,2-Aug-02,6,M. Night Shyamalan,,,330754439.0,4
Dead Presidents,4-Oct-95,7,Albert Hughes,,,46741467.0,5
"McFarland, USA",20-Feb-15,7,Niki Caro,,,44480275.0,3
George Of The Jungle,16-Jul-97,9,Sam Weisman,,,193326632.0,3
Bound by Honor,16-Apr-93,1,Taylor Hackford,,,9156084.0,5
The Avengers,4-May-12,12,Joss Whedon,,,660081224.0,4
Ten Things I Hate About You,31-Mar-99,8,Andre Paras,,,63354375.0,4
Earth,22-Apr-09,2,Kevin Nolting,,,35981010.0,0
Hello Again,6-Nov-87,9,Frank Perry,,,44024529.0,3
When a Man Loves a Woman,29-Apr-94,7,Luis Mandoki,,,103354194.0,5
Unbreakable,22-Nov-00,6,M. Night Shyamalan,,,148208901.0,4
3 Men and a Baby,25-Nov-87,9,Leonard Nimoy,,,353334607.0,3
X Games 3D: The Movie,21-Aug-09,2,Steven Lawrence,,,1563976.0,3
Cars 2,24-Jun-11,13,John Lasseter,,,203522177.0,0
The Princess Diaries 2: Royal Engagement,11-Aug-04,8,Garry Marshall,,,129164207.0,0
The Jungle Book 2,14-Feb-03,13,Steve Trenbirth,,,66966883.0,0
Aspen Extreme,22-Jan-93,8,Patrick Hasburgh,,,15970955.0,4
Noises Off...,20-Mar-92,9,Peter Bogdanovich,,,4631720.0,4
He Got Game,1-May-98,7,Spike Lee,,,38766948.0,5
Bringing Down the House,7-Mar-03,9,Adam Shankman,,,185481530.0,4
Bon Voyage!,17-May-62,9,Jean-Paul Rappeneau,,,109581646.0,2
Doctor Strange,4-Nov-16,13,Scott Derrickson,,,232532923.0,4
Flubber,26-Nov-97,9,Les Mayfield,,,170406423.0,3
Roving Mars,27-Jan-06,2,George Butler,,,12948025.0,0
Captain Ron,18-Sep-92,9,Thom Eberhardt,,,45741576.0,4
Shadow Conspiracy,31-Jan-97,6,George P. Cosmatos,,,3957025.0,5
Good Morning Vietnam,23-Dec-87,9,Barry Levinson,,,254414837.0,5
Babes in Toyland,14-Dec-61,15,Jack Donohue,,,124841160.0,0
An Innocent Man,6-Oct-89,7,Peter Yates,,,40983414.0,5
Summer of Sam,2-Jul-99,7,Spike Lee,,,32007656.0,5
The Good Dinosaur,25-Nov-15,13,Peter Sohn,,,123087120.0,3
Angels in the Outfield,15-Jul-94,9,William Dear,,,103798152.0,3
Tough Guys,3-Oct-86,9,Jeff Kanew,,,48758184.0,3
Something Wicked This Way Comes,29-Apr-83,3,Jack Clayton,,,15136765.0,3
The Rocketeer,21-Jun-91,12,Joe Johnston,,,93256673.0,3
Stakeout,5-Aug-87,9,John Badham,,,141592160.0,5
National Treasure 2: Book of Secrets,21-Dec-07,13,Jon Turteltaub,,,267003525.0,3
Terminal Velocity,23-Sep-94,12,Deran Sarafian,,,34048315.0,4
Apocalypto,8-Dec-06,13,Mel Gibson,,,64959548.0,5
Invincible,25-Aug-06,7,Ericson Core,,,74398864.0,3
25th Hour,19-Dec-02,7,Spike Lee,,,18325463.0,5
Mighty Joe Young,25-Dec-98,13,Ron Underwood,,,87906042.0,3
Deceived,27-Sep-91,6,Damian Harris,,,57544453.0,4
Never Cry Wolf,7-Oct-83,7,Carroll Ballard,,,70669955.0,3
G-Force,24-Jul-09,13,Hoyt Yeatman,,,134246932.0,3
Feast of July,13-Oct-95,7,Christopher Menaul,,,568342.0,5
The Lookout,30-Mar-07,7,Scott Frank,,,5637048.0,5
Cool Runnings,1-Oct-93,9,Jon Turteltaub,,,140392731.0,3
Alice Through the Looking Glass,27-May-16,13,James Bobin,,,77042381.0,3
The Devil and Max Devlin,1-Jan-81,14,Steven Hilliard Stern,,,48517980.0,3
The Chronicles of Narnia: Prince Caspian,16-May-08,13,Andrew Adamson,,,166277038.0,3
The Insider,5-Nov-99,7,Michael Mann,,,47794214.0,5
Camp Nowhere,26-Aug-94,9,Jonathan Prince,,,21576332.0,3
The Rock,7-Jun-96,12,Michael Bay,,,255702705.0,5
Green Card,25-Dec-90,8,Peter Weir,,,59679131.0,4
Real Steel,7-Oct-11,12,Shawn Levy,,,90848019.0,4
A Kid in King Arthur's Court,11-Aug-95,13,Michael Gottlieb,,,25981285.0,3
The Last Flight of Noah’s Ark,25-Jun-80,13,Charles Jarrott,,,34472116.0,0
African Cats,22-Apr-11,2,Alastair Fothergill,,,16401551.0,0
Into the Woods,25-Dec-14,15,Rob Marshall,,,130894237.0,3
Finding Nemo,30-May-03,13,Andrew Stanton,,,518148559.0,0
The Good Mother,4-Nov-88,7,Steve Antin,,,9772655.0,5
The Hundred-Foot Journey,8-Aug-14,8,Lasse Hallström,,,55961409.0,3
Pearl Harbor,25-May-01,12,Michael Bay,,,295705112.0,4
Pirates of the Caribbean: At World’…,24-May-07,13,Gore Verbinski,,,379129960.0,4
Color of Night,19-Aug-94,6,Richard Rush,,,40804816.0,5
Romy and Michele's High School Reunion,25-Apr-97,9,David Mirkin,,,53693680.0,5
Cheetah,18-Aug-89,13,Oz Scott,,,16653473.0,0
Jack,9-Aug-96,7,Lawrence Fowler,,,111792852.0,4
Monsters University,21-Jun-13,13,Dan Scanlon,,,278395641.0,0
The Fifth Estate,18-Oct-13,7,Bill Condon,,,3374251.0,5
Before and After,23-Feb-96,7,Barbet Schroeder,,,16482589.0,4
Moonlight Mile,27-Sep-02,7,Brad Silberling,,,9909094.0,4
A Stranger Among Us,17-Jul-92,7,Sidney Lumet,,,24950752.0,4
The Lizzie McGuire Movie,2-May-03,9,Jim Fall,,,59743191.0,3
Krippendorf's Tribe,27-Feb-98,9,Todd Holland,,,13608633.0,4
crazy/beautiful,29-Jun-01,7,John Stockwell,,,25214223.0,4
Adventures in Babysitting,3-Jul-87,9,John Schultz,,,72853569.0,0
The Game Plan,22-Sep-07,9,Andy Fickman,,,111010758.0,3
Splash,9-Mar-84,9,Ron Howard,,,157057661.0,3
Who Framed Roger Rabbit?,22-Jun-88,9,Robert Zemeckis,,,316250084.0,3
The Light Between Oceans,2-Sep-16,7,Derek Cianfrance,,,12545979.0,4
The Guardian,29-Sep-06,12,Andrew Davis,,,70801353.0,4
The Sword in the Stone,25-Dec-63,13,Wolfgang Reitherman,Archimedes,Junius Matthews,153870834.0,0
The Sword in the Stone,25-Dec-63,13,Wolfgang Reitherman,Arthur/Wart,Rickie Sorensen,153870834.0,0
The Sword in the Stone,25-Dec-63,13,Wolfgang Reitherman,Arthur/Wart,Richard Reitherman,153870834.0,0
The Sword in the Stone,25-Dec-63,13,Wolfgang Reitherman,Arthur/Wart,Robert Reitherman,153870834.0,0
The Sword in the Stone,25-Dec-63,13,Wolfgang Reitherman,Black Bart,Thurl Ravenscroft,153870834.0,0
The Sword in the Stone,25-Dec-63,13,Wolfgang Reitherman,Madam Mim,Martha Wentworth,153870834.0,0
The Sword in the Stone,25-Dec-63,13,Wolfgang Reitherman,Merlin,Karl Swenson,153870834.0,0
The Sword in the Stone,25-Dec-63,13,Wolfgang Reitherman,Sir Ector,Sebastian Cabot,153870834.0,0
The Sword in the Stone,25-Dec-63,13,Wolfgang Reitherman,Sir Kay,Norman Alden,153870834.0,0
The Sword in the Stone,25-Dec-63,13,Wolfgang Reitherman,Sir Pellinore,Alan Napier,153870834.0,0
Mr. Holland's Opus,29-Dec-95,7,Stephen Herek,,,157508868.0,3
The Rescuers Down Under,16-Nov-90,13,Mike Gabriel,Cody,Adam Ryen,55796728.0,0
The Rescuers Down Under,16-Nov-90,13,Mike Gabriel,Doctor Mouse,Bernard Fox,55796728.0,0
The Rescuers Down Under,16-Nov-90,13,Mike Gabriel,Faloo,Carla Meyer,55796728.0,0
The Rescuers Down Under,16-Nov-90,13,Mike Gabriel,Francois,Ed Gilbert,55796728.0,0
The Rescuers Down Under,16-Nov-90,13,Mike Gabriel,Frank,Wayne Robson,55796728.0,0
The Rescuers Down Under,16-Nov-90,13,Mike Gabriel,Jake,Tristan Rogers,55796728.0,0
The Rescuers Down Under,16-Nov-90,13,Mike Gabriel,Krebbs,Douglas Seale,55796728.0,0
The Rescuers Down Under,16-Nov-90,13,Mike Gabriel,Marahute,Frank Welker,55796728.0,0
The Rescuers Down Under,16-Nov-90,13,Mike Gabriel,Nurse Mouse,Russi Taylor,55796728.0,0
The Rescuers Down Under,16-Nov-90,13,Mike Gabriel,Percival C. McLeach,George C. Scott,55796728.0,0
The Rescuers Down Under,16-Nov-90,13,Mike Gabriel,Red,Peter Firth,55796728.0,0
The Rescuers Down Under,16-Nov-90,13,Mike Gabriel,Wilbur,John Candy,55796728.0,0
The Preacher's Wife,13-Dec-96,7,Penny Marshall,,,91076877.0,3
Sarafina!,18-Sep-92,7,Darrell James Roodt,,,14841352.0,4
Trenchcoat,11-Mar-83,9,Michael Tuchner,,,11519089.0,3
Confessions of a Teenage Drama Queen,20-Feb-04,9,Sara Sugarman,,,39816568.0,3
Around the World in 80 Days,16-Jun-04,13,Frank Coraci,,,32585356.0,3
Blaze,13-Dec-89,7,Ron Shelton,,,39884640.0,5
Toy Story,22-Nov-95,13,John Lasseter,,,370409631.0,0
Prince of Persia: Sands of Time,28-May-10,12,Mike Newell,,,96971361.0,4
Eddie,31-May-96,9,Steve Rash,,,59828966.0,4
White Fang 2: Myth of the White Wolf,15-Apr-94,13,Ken Olin,,,18083994.0,3
White Squall,2-Feb-96,13,Ridley Scott,,,19509726.0,4
The Invisible,27-Apr-07,6,Leigh Whannell,,,25202168.0,4
Guilty as Sin,4-Jun-93,6,Sidney Lumet,,,46064723.0,5
Operation Dumbo Drop,28-Jul-95,13,Simon Wincer,,,47809421.0,3
Ghosts of the Abyss,11-Apr-03,2,James Cameron,,,23803108.0,0
Scenes from a Mall,22-Feb-91,9,Paul Mazursky,,,19149495.0,5
The BFG,1-Jul-16,13,Steven Spielberg,,,55483770.0,3
Tron,9-Jul-82,12,Joseph Kosinski,,,77184895.0,3
Firelight,4-Sep-98,7,William Nicholson,,,1409943.0,5
Delivery Man,22-Nov-13,9,Ken Scott,,,31787136.0,4
New York Stories,1-Mar-89,7,Francis Ford Coppola,,,22740861.0,3
Disorganized Crime,14-Apr-89,9,Jim Kouf,,,15233465.0,5
Tom and Huck,22-Dec-95,13,Peter Hewitt,,,45911517.0,3
Keeping the Faith,14-Apr-00,8,Edward Norton,,,57925202.0,4
Grosse Pointe Blank,11-Apr-97,4,George Armitage,,,51579764.0,5
Indian Summer,23-Apr-93,9,Mike Binder,,,29968953.0,5
The Princess and the Frog,25-Nov-09,13,Ron Clements,Buford the Cook,Michael Colyar,116316457.0,0
The Princess and the Frog,25-Nov-09,13,Ron Clements,Charlotte La Bouff,Jennifer Cody,116316457.0,0
The Princess and the Frog,25-Nov-09,13,Ron Clements,Cousin Randy,Randy Newman,116316457.0,0
The Princess and the Frog,25-Nov-09,13,Ron Clements,Dr. Facilier,Keith David,116316457.0,0
The Princess and the Frog,25-Nov-09,13,Ron Clements,"Eli ""Big Daddy"" La Bouff",John Goodman,116316457.0,0
The Princess and the Frog,25-Nov-09,13,Ron Clements,Eudora,Oprah Winfrey,116316457.0,0
The Princess and the Frog,25-Nov-09,13,Ron Clements,Evangaline,None,116316457.0,0
The Princess and the Frog,25-Nov-09,13,Ron Clements,Harvey Fenner,Corey Burton,116316457.0,0
The Princess and the Frog,25-Nov-09,13,Ron Clements,Henry Fenner,Jerry Kernion,116316457.0,0
The Princess and the Frog,25-Nov-09,13,Ron Clements,Ian the Alligator,Kevin Michael Richardson,116316457.0,0
The Princess and the Frog,25-Nov-09,13,Ron Clements,Lawrence the Valet,Peter Bartlett,116316457.0,0
The Princess and the Frog,25-Nov-09,13,Ron Clements,Louis the Alligator,Michael-Leon Wooley,116316457.0,0
The Princess and the Frog,25-Nov-09,13,Ron Clements,Mama Odie,Jenifer Lewis,116316457.0,0
The Princess and the Frog,25-Nov-09,13,Ron Clements,Marlon the Alligator,Emeril Lagasse,116316457.0,0
The Princess and the Frog,25-Nov-09,13,Ron Clements,Prince Naveen,Bruno Campos,116316457.0,0
The Princess and the Frog,25-Nov-09,13,Ron Clements,Ray the Firefly,Jim Cummings,116316457.0,0
The Princess and the Frog,25-Nov-09,13,Ron Clements,Tiana,Anika Noni Rose,116316457.0,0
The Princess and the Frog,25-Nov-09,13,Ron Clements,Two Fingers,Paul Briggs,116316457.0,0
Billy Bathgate,1-Nov-91,7,Robert Benton,,,31167691.0,5
3 Ninjas Kick Back,6-May-94,12,Charles T. Kanganis,,,24267154.0,3
My Boyfriend's Back,6-Aug-93,9,Bob Balaban,,,6554384.0,4
Goal! The Dream Begins,12-May-06,7,Danny Cannon,,,5512647.0,3
Big Trouble,5-Apr-02,9,Barry Sonnenfeld,,,10537188.0,4
People Like Us,29-Jun-12,7,Alex Kurtzman,,,13165822.0,4
Mars Needs Moms,11-Mar-11,13,Simon Wells,,,22741603.0,3
Angie,4-Mar-94,9,Martha Coolidge,,,19116981.0,5
Deuce Bigalow: Male Gigolo,10-Dec-99,9,Mike Mitchell,,,106921374.0,5
Veronica Guerin,17-Oct-03,7,Joel Schumacher,,,2194759.0,5
Max Keeble's Big Move,5-Oct-01,9,Tim Hill,,,25749730.0,3
The Scarlet Letter,13-Oct-95,7,Roland Joffé,,,20075033.0,5
D3: The Mighty Ducks,4-Oct-96,9,Rob Lieberman,,,43713554.0,3
Up,29-May-09,13,Darrell Van Citters,,,329336681.0,3
Alive,15-Jan-93,13,Frank Marshall,,,73914543.0,5
Can't Buy Me Love,14-Aug-87,8,Steve Rash,,,68181300.0,4
The Hoax,6-Apr-07,7,Lasse Hallström,,,8779196.0,5
Fantasia,13-Nov-40,15,full credits,Ben Ali Gator,Jim Cummings,2187090808.0,0
Fantasia,13-Nov-40,15,full credits,Chernabog,Corey Burton,2187090808.0,0
Fantasia,13-Nov-40,15,full credits,Hyacinth Hippo,Tress MacNeille,2187090808.0,0
Fantasia,13-Nov-40,15,full credits,Madame Upanova,Tress MacNeille,2187090808.0,0
Fantasia,13-Nov-40,15,full credits,Melinda,None,2187090808.0,0
Fantasia,13-Nov-40,15,full credits,Yen Sid,Corey Burton,2187090808.0,0
Crimson Tide,12-May-95,12,Tony Scott,,,177102077.0,5
Ransom,8-Nov-96,12,Ron Howard,,,259807820.0,5
Pretty Woman,23-Mar-90,8,Garry Marshall,,,356389765.0,5
Inspector Gadget,23-Jul-99,9,David Kellogg,,,161610341.0,3
Winnie the Pooh,15-Jul-11,13,Stephen J. Anderson,,,28375869.0,0
The Tigger Movie,11-Feb-00,13,Jun Falkenstein,,,71228678.0,0
Heavy Weights,17-Feb-95,9,Steven Brill,,,34245779.0,3
What About Bob?,17-May-91,9,Frank Oz,,,127571325.0,3
The Haunted Mansion,26-Nov-03,9,Rob Minkoff,,,105775678.0,3
The Hitchhiker's Guide to the Galaxy,29-Apr-05,9,Garth Jennings,,,67096891.0,3
Bedknobs and Broomsticks,7-Oct-71,15,Robert Stevenson,Bear,Dal McKennon,91305448.0,0
Bedknobs and Broomsticks,7-Oct-71,15,Robert Stevenson,Codfish,Robert Holt,91305448.0,0
Bedknobs and Broomsticks,7-Oct-71,15,Robert Stevenson,King Leonidas,Lennie Weinrib,91305448.0,0
Bedknobs and Broomsticks,7-Oct-71,15,Robert Stevenson,Secretary Bird,Lennie Weinrib,91305448.0,0
Pooh's Heffalump Movie,11-Feb-05,13,Frank Nissen,Lumpy the Heffalump,Kyle Stanger,23801835.0,0
Open Range,15-Aug-03,5,Kevin Costner,,,81547672.0,5
D.O.A.,18-Mar-88,6,Corey Yuen,,,26062188.0,4
Meet the Deedles,27-Mar-98,9,Steve Boyum,,,7829877.0,3
A Beautiful Planet,29-Apr-16,2,Toni Myers,,,7895708.0,0
Sister Act,29-May-92,9,Emile Ardolino,,,283583472.0,3
Strange Magic,23-Jan-15,13,Gary Rydstrom,,,12429583.0,3
Quiz Show,14-Sep-94,7,Robert Redford,,,50840394.0,4
While You Were Sleeping,21-Apr-95,8,Jon Turteltaub,,,157082900.0,3
Bedtime Stories,25-Dec-08,9,Adam Shankman,,,128039679.0,3
Instinct,4-Jun-99,7,Paul Verhoeven,,,56595842.0,5
Step Up,11-Aug-06,7,Anne Fletcher,,,84078780.0,4
G.I. Jane,22-Aug-97,7,Ridley Scott,,,88467531.0,5
Oscar,26-Apr-91,9,John Landis,,,47181395.0,3
The Parent Trap,29-Jul-98,9,Nancy Meyers,,,119185667.0,3
Primeval,12-Jan-07,13,Michael Katleman,,,12985302.0,5
The Lone Ranger,2-Jul-13,5,Gore Verbinski,,,92597388.0,4
"Monsters, Inc.",2-Nov-01,13,Pete Docter,,,416073179.0,0
Reign of Fire,19-Feb-02,12,Rob Bowman,,,62480631.0,4
Running Brave,4-Nov-83,7,Donald Shebib,,,3223725.0,3
Dinosaur,19-May-00,13,Ralph Zondag,Aladar,D. B. Sweeney,215438985.0,3
Dinosaur,19-May-00,13,Ralph Zondag,Baylene,Joan Plowright,215438985.0,3
Dinosaur,19-May-00,13,Ralph Zondag,Bruton,Peter Siragusa,215438985.0,3
Dinosaur,19-May-00,13,Ralph Zondag,Eema,Della Reese,215438985.0,3
Dinosaur,19-May-00,13,Ralph Zondag,Kron,Samuel E. Wright,215438985.0,3
Dinosaur,19-May-00,13,Ralph Zondag,Neera,Julianna Margulies,215438985.0,3
Dinosaur,19-May-00,13,Ralph Zondag,Plio,Alfre Woodard,215438985.0,3
Dinosaur,19-May-00,13,Ralph Zondag,Suri,Hayden Panettiere,215438985.0,3
Dinosaur,19-May-00,13,Ralph Zondag,Url,None,215438985.0,3
Dinosaur,19-May-00,13,Ralph Zondag,Yar,Ossie Davis,215438985.0,3
Dinosaur,19-May-00,13,Ralph Zondag,Zini,Max Casella,215438985.0,3
Rushmore,11-Dec-98,4,Wes Anderson,,,28392518.0,5
Freaky Friday,21-Jan-77,9,Mark Waters,,,98067733.0,3
The 13th Warrior,27-Aug-99,12,John McTiernan,,,54262148.0,5
Brave,22-Jun-12,13,Brenda Chapman,,,251292441.0,3
Eight Below,17-Feb-06,13,Frank Marshall,,,105037235.0,3
Gake no ue no Ponyo,14-Aug-09,13,Hayao Miyazaki,,,16961607.0,0
Queen of Katwe,23-Sep-16,7,Mira Nair,,,8874389.0,3
Straight Talk,3-Apr-92,9,Barnet Kellman,,,43068356.0,3
Holy Man,9-Oct-98,9,Stephen Herek,,,21694605.0,3
The Sorcerer's Apprentice,14-Jul-10,13,Jon Turteltaub,,,67473105.0,3
Stella,2-Feb-90,7,Thomas Sieben,,,40077147.0,4
An American Werewolf in Paris,25-Dec-97,3,Anthony Waller,,,48546161.0,5
The Mighty Ducks,2-Oct-92,9,Sam Weisman,,,103120810.0,3
Tall Tale,24-Mar-95,5,Jeremiah S. Chechik,,,15983331.0,3
Tangled,24-Nov-10,13,Nathan Greno,Flynn Rider,Zachary Levi,214388548.0,3
Tangled,24-Nov-10,13,Nathan Greno,Hook Hand,Brad Garrett,214388548.0,3
Tangled,24-Nov-10,13,Nathan Greno,Maximus,None,214388548.0,3
Tangled,24-Nov-10,13,Nathan Greno,Mother Gothel,Donna Murphy,214388548.0,3
Tangled,24-Nov-10,13,Nathan Greno,Pascal,Frank Welker,214388548.0,3
Tangled,24-Nov-10,13,Nathan Greno,Rapunzel,Mandy Moore,214388548.0,3
Tangled,24-Nov-10,13,Nathan Greno,Stabbington Brothers,Ron Perlman,214388548.0,3
Ed Wood,30-Sep-94,9,Tim Burton,,,12042634.0,5
The Jerky Boys,3-Feb-95,9,James Melkonian,,,14641561.0,5
The Rich Man's Wife,13-Sep-96,6,Amy Holden Jones,,,16284619.0,5
Super Mario Bros.,28-May-93,12,Annabel Jankel,,,42445058.0,3
The Proposal,19-Jun-09,8,Anne Fletcher,,,184288829.0,4
Race to Witch Mountain,13-Mar-09,13,Andy Fickman,,,75501997.0,3
The Adventures of Huck Finn,2-Apr-93,13,Stephen Sommers,,,49080505.0,3
Jefferson in Paris,31-Mar-95,7,James Ivory,,,4770461.0,4
The Jungle Book,15-Apr-16,13,Wolfgang Reitherman,,,364001123.0,3
The Jungle Book,18-Oct-67,15,Wolfgang Reitherman,,,789612346.0,2
Sky High,29-Jul-05,13,Mike Mitchell,,,84088854.0,3
Toy Story 2,19-Nov-99,13,John Lasseter,,,404450426.0,0
The Rescuers,22-Jun-77,13,Wolfgang Reitherman,Bernard,Bob Newheart,159743914.0,0
The Rescuers,22-Jun-77,13,Wolfgang Reitherman,Brutus and Nero,Candy Candido,159743914.0,0
The Rescuers,22-Jun-77,13,Wolfgang Reitherman,Chair Mouse,Bernard Fox,159743914.0,0
The Rescuers,22-Jun-77,13,Wolfgang Reitherman,Digger the Mole,Dub Taylor,159743914.0,0
The Rescuers,22-Jun-77,13,Wolfgang Reitherman,Ellie Mae,Jeanette Nolan,159743914.0,0
The Rescuers,22-Jun-77,13,Wolfgang Reitherman,Evinrude,Jimmy MacDonald,159743914.0,0
The Rescuers,22-Jun-77,13,Wolfgang Reitherman,Gramps,Larry Clemmons,159743914.0,0
The Rescuers,22-Jun-77,13,Wolfgang Reitherman,Luke,Pat Buttram,159743914.0,0
The Rescuers,22-Jun-77,13,Wolfgang Reitherman,Madame Medusa,Geraldine Page,159743914.0,0
The Rescuers,22-Jun-77,13,Wolfgang Reitherman,Miss Bianca,Eva Gabor,159743914.0,0
The Rescuers,22-Jun-77,13,Wolfgang Reitherman,Mr. Snoops,Joe Flynn,159743914.0,0
The Rescuers,22-Jun-77,13,Wolfgang Reitherman,Orville,Jim Jordan,159743914.0,0
The Rescuers,22-Jun-77,13,Wolfgang Reitherman,Penny,Michelle Stacy,159743914.0,0
The Rescuers,22-Jun-77,13,Wolfgang Reitherman,Rufus,John McIntire,159743914.0,0
Remember the Titans,29-Sep-00,7,Boaz Yakin,,,180742479.0,3
A Lot Like Love,22-Apr-05,9,Nigel Cole,,,28716947.0,4
3 Ninjas,7-Aug-92,12,Jon Turteltaub,,,58965304.0,3
Flight of the Navigator,30-Jul-86,13,Randal Kleiser,,,42183197.0,3
America's Heart and Soul,2-Jul-04,2,Louis Schwartsberg,,,426246.0,2
Swing Vote,1-Aug-08,9,Joshua Michael Stern,,,19125841.0,4
The Straight Story,15-Oct-99,7,David Lynch,,,10111144.0,0
The Kid,7-Jul-00,9,Jon Turteltaub,,,108993148.0,3
Enchanted,21-Nov-07,8,Kevin Lima,Giselle,Amy Adams,156074310.0,3
Enchanted,21-Nov-07,8,Kevin Lima,Nancy Tremaine,Idina Menzel,156074310.0,3
Enchanted,21-Nov-07,8,Kevin Lima,Nathaniel,Timothy Spall,156074310.0,3
Enchanted,21-Nov-07,8,Kevin Lima,Pip,Jeff Bennett; Kevin Lima,156074310.0,3
Enchanted,21-Nov-07,8,Kevin Lima,Prince Edward,James Marsden,156074310.0,3
Enchanted,21-Nov-07,8,Kevin Lima,Queen Narissa,Susan Sarandon,156074310.0,3
Zootopia,4-Mar-16,13,Byron Howard,Assistant Mayor Dawn Bellwether,Jenny Slate,341268248.0,3
Zootopia,4-Mar-16,13,Byron Howard,Benjamin Clawhauser,Nate Torrence,341268248.0,3
Zootopia,4-Mar-16,13,Byron Howard,Bonnie Hopps,Bonnie Hunt,341268248.0,3
Zootopia,4-Mar-16,13,Byron Howard,Bucky Oryx-Antlerson,Byron Howard,341268248.0,3
Zootopia,4-Mar-16,13,Byron Howard,Chief Bogo,Idris Elba,341268248.0,3
Zootopia,4-Mar-16,13,Byron Howard,Doug Ramses,Rich Moore,341268248.0,3
Zootopia,4-Mar-16,13,Byron Howard,Duke Weaselton,Alan Tudyk,341268248.0,3
Zootopia,4-Mar-16,13,Byron Howard,Emmitt Otterton,None,341268248.0,3
Zootopia,4-Mar-16,13,Byron Howard,Finnick,"Tommy ""Tiny"" Lister Jr.",341268248.0,3
Zootopia,4-Mar-16,13,Byron Howard,Flash Slothmore,Raymond S. Persi,341268248.0,3
Zootopia,4-Mar-16,13,Byron Howard,Gazelle,Shakira,341268248.0,3
Zootopia,4-Mar-16,13,Byron Howard,Jerry Jumbeaux Jr.,John DiMaggio,341268248.0,3
Zootopia,4-Mar-16,13,Byron Howard,Jesse the Ram,John DiMaggio,341268248.0,3
Zootopia,4-Mar-16,13,Byron Howard,Judy Hopps,Ginnifer Goodwin,341268248.0,3
Zootopia,4-Mar-16,13,Byron Howard,Mayor Lionheart,J.K. Simmons,341268248.0,3
Zootopia,4-Mar-16,13,Byron Howard,Mr. Big,Maurice LaMarche,341268248.0,3
Zootopia,4-Mar-16,13,Byron Howard,Mrs. Otterton,Octavia Spencer,341268248.0,3
Zootopia,4-Mar-16,13,Byron Howard,"Nicholas ""Nick"" P. Wilde",Jason Bateman,341268248.0,3
Zootopia,4-Mar-16,13,Byron Howard,Pronk Oryx-Antlerson,Jared Bush,341268248.0,3
Zootopia,4-Mar-16,13,Byron Howard,Stu Hopps,Don Lake,341268248.0,3
Zootopia,4-Mar-16,13,Byron Howard,Woolter the Ram,John DiMaggio,341268248.0,3
Zootopia,4-Mar-16,13,Byron Howard,Yax,Tommy Chong,341268248.0,3
I'll Be Home For Christmas,13-Nov-98,9,Arlene Sanford,,,21941840.0,3
The War at Home,20-Nov-96,7,Emilio Estevez,,,65543.0,5
Peter Pan: Return to Neverland,15-Feb-02,13,Robin Budd,,,70269715.0,0
Ratatouille,29-Jun-07,9,Brad Bird,,,252955933.0,0
Secretariat,8-Oct-10,7,Randall Wallace,,,63781920.0,3
Medicine Man,7-Feb-92,7,John McTiernan,,,91304495.0,4
A Thousand Acres,19-Sep-97,7,Jocelyn Moorhouse,,,14561324.0,5
Mission to Mars,10-Mar-00,13,Brian De Palma,,,95208344.0,3
Brother Bear,24-Oct-03,13,Robert Walker,Denahi,Jason Raize,119218333.0,0
Brother Bear,24-Oct-03,13,Robert Walker,Kenai,Joaquin Phoenix,119218333.0,0
Brother Bear,24-Oct-03,13,Robert Walker,Koda,Jeremy Suarez,119218333.0,0
Brother Bear,24-Oct-03,13,Robert Walker,Rutt and Tuke,Rick Moranis; Dave Thomas,119218333.0,0
Brother Bear,24-Oct-03,13,Robert Walker,Sitka,D. B. Sweeney,119218333.0,0
Brother Bear,24-Oct-03,13,Robert Walker,Tanana,Joan Copeland,119218333.0,0
Brother Bear,24-Oct-03,13,Robert Walker,Tug,Michael Clarke Duncan,119218333.0,0
Snow White and the Seven Dwarfs,21-Dec-37,15,David Hand,Bashful,Scotty Mattraw,5228953251.0,0
Snow White and the Seven Dwarfs,21-Dec-37,15,David Hand,Doc,Roy Atwell,5228953251.0,0
Snow White and the Seven Dwarfs,21-Dec-37,15,David Hand,Dopey,Eddie Collins,5228953251.0,0
Snow White and the Seven Dwarfs,21-Dec-37,15,David Hand,Grumpy,Pinto Colvig,5228953251.0,0
Snow White and the Seven Dwarfs,21-Dec-37,15,David Hand,Happy,Otis Harlan,5228953251.0,0
Snow White and the Seven Dwarfs,21-Dec-37,15,David Hand,Humbert the Huntsman,Stuart Buchanan,5228953251.0,0
Snow White and the Seven Dwarfs,21-Dec-37,15,David Hand,The Magic Mirror,Moroni Olsen,5228953251.0,0
Snow White and the Seven Dwarfs,21-Dec-37,15,David Hand,Prince,Harry Stockwell,5228953251.0,0
Snow White and the Seven Dwarfs,21-Dec-37,15,David Hand,Queen Grimhilde,Lucille La Verne,5228953251.0,0
Snow White and the Seven Dwarfs,21-Dec-37,15,David Hand,Sleepy,Pinto Colvig,5228953251.0,0
Snow White and the Seven Dwarfs,21-Dec-37,15,David Hand,Sneezy,Billy Gilbert,5228953251.0,0
Snow White and the Seven Dwarfs,21-Dec-37,15,David Hand,Snow White,Adriana Caselotti,5228953251.0,0
Toy Story 3,18-Jun-10,13,Lee Unkrich,,,443408255.0,0
Miracle,6-Feb-04,7,Gavin O'Connor,,,87392478.0,3
My Favorite Martian,12-Feb-99,9,Donald Petrie,,,61150849.0,3
Benji the Hunted,5-Jun-87,13,Joe Camp,,,32798382.0,0
A Far Off Place,12-Mar-93,13,Mikael Salomon,,,26248558.0,3
Old Dogs,25-Nov-09,9,Walt Becker,,,55503929.0,3
Alice in Wonderland,5-Mar-10,13,Clyde Geronimi,Alice,Kathryn Beaumont,357063499.0,3
Alice in Wonderland,5-Mar-10,13,Clyde Geronimi,Alice's Sister,Heather Angel,357063499.0,3
Alice in Wonderland,5-Mar-10,13,Clyde Geronimi,Bill the Lizard,Larry Grey,357063499.0,3
Alice in Wonderland,5-Mar-10,13,Clyde Geronimi,The Carpenter,J. Pat O'Malley,357063499.0,3
Alice in Wonderland,5-Mar-10,13,Clyde Geronimi,The Caterpillar,Richard Haydn,357063499.0,3
Alice in Wonderland,5-Mar-10,13,Clyde Geronimi,Cheshire Cat,Sterling Holloway,357063499.0,3
Alice in Wonderland,5-Mar-10,13,Clyde Geronimi,Dinah the Cat,None,357063499.0,3
Alice in Wonderland,5-Mar-10,13,Clyde Geronimi,The Dodo,Bill Thompson,357063499.0,3
Alice in Wonderland,5-Mar-10,13,Clyde Geronimi,The Doorknob,Joseph Kearns,357063499.0,3
Alice in Wonderland,5-Mar-10,13,Clyde Geronimi,The Dormouse,Jimmy MacDonald,357063499.0,3
Alice in Wonderland,5-Mar-10,13,Clyde Geronimi,The King of Hearts,Dink Trout,357063499.0,3
Alice in Wonderland,5-Mar-10,13,Clyde Geronimi,Mad Hatter,Ed Wynn,357063499.0,3
Alice in Wonderland,5-Mar-10,13,Clyde Geronimi,March Hare,Jerry Colonna,357063499.0,3
Alice in Wonderland,5-Mar-10,13,Clyde Geronimi,The Queen of Hearts,Verna Felton,357063499.0,3
Alice in Wonderland,5-Mar-10,13,Clyde Geronimi,The Rose,Doris Lloyd,357063499.0,3
Alice in Wonderland,5-Mar-10,13,Clyde Geronimi,Tweedledum and Tweedledee,J. Pat O'Malley,357063499.0,3
Alice in Wonderland,5-Mar-10,13,Clyde Geronimi,The Walrus,J. Pat O'Malley,357063499.0,3
Alice in Wonderland,5-Mar-10,13,Clyde Geronimi,White Rabbit,Bill Thompson,357063499.0,3
The Little Mermaid,15-Nov-89,13,Ron Clements,Adella,Sherry Lynn,223726012.0,0
The Little Mermaid,15-Nov-89,13,Ron Clements,Alana,Kimmy Robertson,223726012.0,0
The Little Mermaid,15-Nov-89,13,Ron Clements,Andrina,Tara Strong,223726012.0,0
The Little Mermaid,15-Nov-89,13,Ron Clements,Aquata,Grey DeLisle; Mona Marshall,223726012.0,0
The Little Mermaid,15-Nov-89,13,Ron Clements,Ariel,Jodi Benson,223726012.0,0
The Little Mermaid,15-Nov-89,13,Ron Clements,Arista,Kimmy Robertson,223726012.0,0
The Little Mermaid,15-Nov-89,13,Ron Clements,Attina,Kari Wahlgren,223726012.0,0
The Little Mermaid,15-Nov-89,13,Ron Clements,Carlotta the Maid,Edie McClurg,223726012.0,0
The Little Mermaid,15-Nov-89,13,Ron Clements,Chef Louis,Rene Auberjonois,223726012.0,0
The Little Mermaid,15-Nov-89,13,Ron Clements,Flotsam and Jetsam,Paddi Edwards,223726012.0,0
The Little Mermaid,15-Nov-89,13,Ron Clements,Flounder,Jason Marin,223726012.0,0
The Little Mermaid,15-Nov-89,13,Ron Clements,Grimsby,Ben Wright,223726012.0,0
The Little Mermaid,15-Nov-89,13,Ron Clements,Harold the Seahorse,Will Ryan,223726012.0,0
The Little Mermaid,15-Nov-89,13,Ron Clements,King Triton,Kenneth Mars,223726012.0,0
The Little Mermaid,15-Nov-89,13,Ron Clements,Max the Sheepdog,Frank Welker,223726012.0,0
The Little Mermaid,15-Nov-89,13,Ron Clements,Prince Eric,Christopher Daniel Barnes,223726012.0,0
The Little Mermaid,15-Nov-89,13,Ron Clements,Scuttle,Buddy Hackett,223726012.0,0
The Little Mermaid,15-Nov-89,13,Ron Clements,Sebastian,Samuel E. Wright,223726012.0,0
The Little Mermaid,15-Nov-89,13,Ron Clements,Ursula,Pat Carroll,223726012.0,0
The Little Mermaid,15-Nov-89,13,Ron Clements,Vanessa (The Little Mermaid),Pat Carroll; Jodi Benson,223726012.0,0
Stick It,28-Apr-06,9,Jessica Bendinger,,,34634731.0,4
Funny Bones,31-Mar-95,9,Peter Chelsom,,,1025425.0,5
Cars,9-Jun-06,9,John Lasseter,,,314140384.0,0
Bicentennial Man,17-Dec-99,7,Chris Columbus,,,94838225.0,3
Chimpanzee,20-Apr-12,2,Alastair Fothergill,,,30675725.0,0
The Apple Dumpling Gang,1-Jul-75,9,Norman Tokar,,,131246872.0,0
The Other Sister,26-Feb-99,8,Garry Marshall,,,46145331.0,4
A Simple Twist of Fate,2-Sep-94,7,Gillies MacKinnon,,,7035189.0,4
Where the Heart Is,23-Feb-90,9,Matt Williams,,,2210321.0,4
Kaze Tachinu,8-Nov-13,7,Mitsuo Wakasugi,,,5367415.0,4
Off Beat,11-Apr-86,9,Michael Dinner,,,11003932.0,3
The Greatest Game Ever Played,30-Sep-05,7,Bill Paxton,,,20162672.0,3
The Three Musketeers,12-Nov-93,13,William Lau,,,109310377.0,3
A Civil Action,25-Dec-98,7,Steven Zaillian,,,94139530.0,4
Walt and El Grupo,10-Sep-09,2,Theodore Thomas,,,23064.0,3
Powder,27-Oct-95,7,Victor Salva,,,59727216.0,4
1492: Conquest of Paradise,9-Oct-92,13,Ridley Scott,,,14421454.0,4
The Cemetery Club,3-Feb-93,9,Bill Duke,,,11369541.0,4
Stay Alive,24-Mar-06,3,William Brent Bell,,,29712825.0,4
That Darn Cat,14-Feb-97,9,Bob Spiers,,,33613158.0,3
The Muppet Christmas Carol,11-Dec-92,9,Brian Henson,,,55417615.0,0
Step Up 2 the Streets,14-Feb-08,7,Jon M. Chu,,,68118371.0,4
The Santa Clause 2,1-Nov-02,9,Michael Lembeck,,,201959095.0,0
The Recruit,31-Jan-03,6,Roger Donaldson,,,73793522.0,4
Money for Nothing,10-Sep-93,9,Ramón Menéndez,,,2127496.0,5
Bad Company,20-Jan-95,6,Joel Schumacher,,,6829092.0,5
Bad Company,7-Jun-02,12,Joel Schumacher,,,43756218.0,4
I Love Trouble,29-Jun-94,8,Charles Shyer,,,63651027.0,3
The Absent Minded Professor,16-Mar-61,9,Robert Stevenson,,,310094574.0,0
Jungle 2 Jungle,7-Mar-97,9,John Pasquin,,,110058379.0,3
Tex,19-Nov-82,7,Tim Hunter,,,20643199.0,3
Life With Mikey,4-Jun-93,9,James Lapine,,,25146538.0,3
Gone Fishin',30-May-97,9,Christopher Cain,,,36265379.0,3
Rogue One: A Star Wars Story,16-Dec-16,13,Gareth Edwards,,,529483936.0,4
The Marrying Man,5-Apr-91,8,Jerry Rees,,,24939118.0,5
Bubble Boy,24-Aug-01,9,Blair Hayes,,,7450434.0,4
Baby: Secret of the Lost Legend,22-Mar-85,13,Bill L. Norton,,,33900697.0,3
The Fox and the Hound,10-Jul-81,9,Art Stevens,Amos Slade,Jack Albertson,133118889.0,0
The Fox and the Hound,10-Jul-81,9,Art Stevens,Big Mama,Pearl Bailey,133118889.0,0
The Fox and the Hound,10-Jul-81,9,Art Stevens,Boomer,Paul Winchell,133118889.0,0
The Fox and the Hound,10-Jul-81,9,Art Stevens,Chief,Pat Buttram,133118889.0,0
The Fox and the Hound,10-Jul-81,9,Art Stevens,Copper,Corey Feldman; Kurt Russell,133118889.0,0
The Fox and the Hound,10-Jul-81,9,Art Stevens,Dinky,Richard Bakalyan,133118889.0,0
The Fox and the Hound,10-Jul-81,9,Art Stevens,Squeaks the Caterpillar,None,133118889.0,0
The Fox and the Hound,10-Jul-81,9,Art Stevens,Tod,Keith Coogan; Mickey Rooney,133118889.0,0
The Fox and the Hound,10-Jul-81,9,Art Stevens,Vixey,Sandy Duncan,133118889.0,0
The Fox and the Hound,10-Jul-81,9,Art Stevens,Widow Tweed,Jeanette Nolan,133118889.0,0
High Heels and Low Lifes,26-Oct-01,12,Mel Smith,,,337782.0,5
The Tie That Binds,8-Sep-95,6,Wesley Strick,,,11167895.0,5
John Carter,9-Mar-12,13,Andrew Stanton,,,77372445.0,4
Blank Check,11-Feb-94,9,Rupert Wainwright,,,63170804.0,3
Guardians of the Galaxy,1-Aug-14,13,James Gunn,,,343771168.0,4
A Goofy Movie,7-Apr-95,9,Kevin Lima,Powerline,Tevin Campbell,68479579.0,0
A Goofy Movie,7-Apr-95,9,Kevin Lima,Principal Mazur,Wallace Shawn,68479579.0,0
A Goofy Movie,7-Apr-95,9,Kevin Lima,"Robert ""Bobby"" Zimmeruski",Pauly Shore,68479579.0,0
A Goofy Movie,7-Apr-95,9,Kevin Lima,Roxanne,Kellie Martin,68479579.0,0
Hocus Pocus,16-Jul-93,9,Kenny Ortega,,,80147079.0,3
Pete’s Dragon,12-Aug-16,13,David Lowery,,,76233151.0,3
Night Crossing,5-Feb-82,7,Delbert Mann,,,12903059.0,3
Lilo & Stitch,21-Jun-02,13,Chris Sanders,Agent Wendy Pleakley,Kevin McDonald,211506702.0,3
Lilo & Stitch,21-Jun-02,13,Chris Sanders,Cobra Bubbles,Ving Rhames,211506702.0,3
Lilo & Stitch,21-Jun-02,13,Chris Sanders,David Kawena,Jason Scott Lee,211506702.0,3
Lilo & Stitch,21-Jun-02,13,Chris Sanders,Dr. Jumba Jookiba,David Ogden Stiers,211506702.0,3
Lilo & Stitch,21-Jun-02,13,Chris Sanders,Captain Gantu,Kevin Michael Richardson,211506702.0,3
Lilo & Stitch,21-Jun-02,13,Chris Sanders,Grand Councilwoman,Zoe Caldwell,211506702.0,3
Lilo & Stitch,21-Jun-02,13,Chris Sanders,Lilo Pelekai,Daveigh Chase,211506702.0,3
Lilo & Stitch,21-Jun-02,13,Chris Sanders,Mrs. Hasagawa,Amy Hill,211506702.0,3
Lilo & Stitch,21-Jun-02,13,Chris Sanders,Myrtle Edmonds,Miranda Paige Walls; Liliana Mumy,211506702.0,3
Lilo & Stitch,21-Jun-02,13,Chris Sanders,Nani Pelekai,Tia Carrere,211506702.0,3
Lilo & Stitch,21-Jun-02,13,Chris Sanders,Stitch,Chris Sanders,211506702.0,3
Metro,17-Jan-97,12,Thomas Carter,,,58804106.0,5
National Treasure,19-Nov-04,13,Jon Turteltaub,,,234069353.0,3
Shanghai Noon,26-May-00,5,Tom Dey,,,89042541.0,4
Dangerous Minds,11-Aug-95,7,John N. Smith,,,164552293.0,5
The Distinguished Gentleman,4-Dec-92,9,Jonathan Lynn,,,94349900.0,5
The Princess Diaries,3-Aug-01,9,Garry Marshall,,,161218928.0,0
Step Up 3D,6-Aug-10,7,Jon M. Chu,,,45302137.0,4
Underdog,3-Aug-07,13,Jon Erwin,,,53619462.0,3
Red Rock West,28-Jan-94,1,John Dahl,,,5170709.0,5
Captain America: Civil War,6-May-16,12,Anthony Russo,,,408084349.0,4
Mr. Wrong,16-Feb-96,8,Nick Castle,,,24422334.0,4
Nixon,20-Dec-95,7,Ron Howard,,,26302005.0,5
The Ref,9-Mar-94,9,Ted Demme,,,23401275.0,5
The Santa Clause 3: The Escape Clause,3-Nov-06,9,Michael Lembeck,,,108694869.0,0
Ice Princess,18-Mar-05,9,Tim Fywell,,,32064685.0,0
King Arthur,7-Jul-04,13,Antoine Fuqua,,,70423706.0,4
Nothing To Lose,18-Jul-97,9,Steve Oedekerk,,,81692095.0,5
Herbie: Fully Loaded,22-Jun-05,9,Angela Robinson,,,86812798.0,0
Father of the Bride,20-Dec-91,9,Charles Shyer,,,179821881.0,3
You Again,24-Sep-10,9,Andy Fickman,,,27461121.0,3
Treasure Planet,27-Nov-02,13,Ron Clements,B.E.N.,Martin Short,55189145.0,3
Treasure Planet,27-Nov-02,13,Ron Clements,Billy Bones,Patrick McGoohan,55189145.0,3
Treasure Planet,27-Nov-02,13,Ron Clements,Captain Amelia,Emma Thompson,55189145.0,3
Treasure Planet,27-Nov-02,13,Ron Clements,Dr. Doppler,David Hyde Pierce,55189145.0,3
Treasure Planet,27-Nov-02,13,Ron Clements,Hands,Micheal McShane,55189145.0,3
Treasure Planet,27-Nov-02,13,Ron Clements,Jim Hawkins,Joseph Gordon-Levitt,55189145.0,3
Treasure Planet,27-Nov-02,13,Ron Clements,John Silver,Brian Murray,55189145.0,3
Treasure Planet,27-Nov-02,13,Ron Clements,Morph,Dane A. Davis,55189145.0,3
Treasure Planet,27-Nov-02,13,Ron Clements,Mr. Arrow,Roscoe Lee Browne,55189145.0,3
Treasure Planet,27-Nov-02,13,Ron Clements,Onus,Corey Burton,55189145.0,3
Treasure Planet,27-Nov-02,13,Ron Clements,Sarah Hawkins,Laurie Metcalf,55189145.0,3
Treasure Planet,27-Nov-02,13,Ron Clements,Scroop,Michael Wincott,55189145.0,3
The Great Mouse Detective,2-Jul-86,13,Ron Clements,Bartholomew,Barrie Ingham,53637367.0,0
The Great Mouse Detective,2-Jul-86,13,Ron Clements,Basil of Baker Street,Barrie Ingham,53637367.0,0
The Great Mouse Detective,2-Jul-86,13,Ron Clements,Dr. David Q. Dawson,Val Bettin,53637367.0,0
The Great Mouse Detective,2-Jul-86,13,Ron Clements,Felicia the Cat,Frank Welker,53637367.0,0
The Great Mouse Detective,2-Jul-86,13,Ron Clements,Fidget,Candy Candido,53637367.0,0
The Great Mouse Detective,2-Jul-86,13,Ron Clements,Hiram Flaversham,Alan Young; Alan Young,53637367.0,0
The Great Mouse Detective,2-Jul-86,13,Ron Clements,Lady Mouse,Shani Wallis,53637367.0,0
The Great Mouse Detective,2-Jul-86,13,Ron Clements,Miss Kitty,Melissa Manchester,53637367.0,0
The Great Mouse Detective,2-Jul-86,13,Ron Clements,Mrs. Judson,Diana Chesney,53637367.0,0
The Great Mouse Detective,2-Jul-86,13,Ron Clements,Olivia Flaversham,Susanne Pollatschek,53637367.0,0
The Great Mouse Detective,2-Jul-86,13,Ron Clements,Professor Ratigan,Vincent Price,53637367.0,0
The Great Mouse Detective,2-Jul-86,13,Ron Clements,Queen Mousetoria,Eve Brenner,53637367.0,0
The Great Mouse Detective,2-Jul-86,13,Ron Clements,Toby the Dog,Frank Welker,53637367.0,0
Cinderella,13-Mar-15,7,Wilfred Jackson,Anastasia Tremaine,Lucille Bliss,201151353.0,3
Cinderella,13-Mar-15,7,Wilfred Jackson,Bruno the Dog,Jimmy MacDonald; Frank Welker,201151353.0,3
Cinderella,13-Mar-15,7,Wilfred Jackson,Cinderella,Ilene Woods,201151353.0,3
Cinderella,13-Mar-15,7,Wilfred Jackson,The Doorman,Don Barclay,201151353.0,3
Cinderella,13-Mar-15,7,Wilfred Jackson,Drizella Tremaine,Rhoda Williams; Russi Taylor,201151353.0,3
Cinderella,13-Mar-15,7,Wilfred Jackson,Fairy Godmother,Verna Felton; Russi Taylor,201151353.0,3
Cinderella,13-Mar-15,7,Wilfred Jackson,Footman,Larry Grey,201151353.0,3
Cinderella,13-Mar-15,7,Wilfred Jackson,The Grand Duke,Luis Van Rooten; Rob Paulsen,201151353.0,3
Cinderella,13-Mar-15,7,Wilfred Jackson,Gus Lollygagger,Jimmy MacDonald; Corey Burton,201151353.0,3
Cinderella,13-Mar-15,7,Wilfred Jackson,"Jackson ""Jaq"" Hopscotch",Jimmy MacDonald; Rob Paulsen,201151353.0,3
Cinderella,13-Mar-15,7,Wilfred Jackson,The King,Luis Van Rooten,201151353.0,3
Cinderella,13-Mar-15,7,Wilfred Jackson,Lady Tremaine,Eleanor Audley; Susanne Blakeslee,201151353.0,3
Cinderella,13-Mar-15,7,Wilfred Jackson,Lucifer the Cat,June Foray,201151353.0,3
Cinderella,13-Mar-15,7,Wilfred Jackson,Major the Horse,None,201151353.0,3
Cinderella,13-Mar-15,7,Wilfred Jackson,Prince Charming,William Phipps,201151353.0,3
Cinderella,15-Feb-50,7,Wilfred Jackson,Anastasia Tremaine,Lucille Bliss,920608730.0,0
Cinderella,15-Feb-50,7,Wilfred Jackson,Bruno the Dog,Jimmy MacDonald; Frank Welker,920608730.0,0
Cinderella,15-Feb-50,7,Wilfred Jackson,Cinderella,Ilene Woods,920608730.0,0
Cinderella,15-Feb-50,7,Wilfred Jackson,The Doorman,Don Barclay,920608730.0,0
Cinderella,15-Feb-50,7,Wilfred Jackson,Drizella Tremaine,Rhoda Williams; Russi Taylor,920608730.0,0
Cinderella,15-Feb-50,7,Wilfred Jackson,Fairy Godmother,Verna Felton; Russi Taylor,920608730.0,0
Cinderella,15-Feb-50,7,Wilfred Jackson,Footman,Larry Grey,920608730.0,0
Cinderella,15-Feb-50,7,Wilfred Jackson,The Grand Duke,Luis Van Rooten; Rob Paulsen,920608730.0,0
Cinderella,15-Feb-50,7,Wilfred Jackson,Gus Lollygagger,Jimmy MacDonald; Corey Burton,920608730.0,0
Cinderella,15-Feb-50,7,Wilfred Jackson,"Jackson ""Jaq"" Hopscotch",Jimmy MacDonald; Rob Paulsen,920608730.0,0
Cinderella,15-Feb-50,7,Wilfred Jackson,The King,Luis Van Rooten,920608730.0,0
Cinderella,15-Feb-50,7,Wilfred Jackson,Lady Tremaine,Eleanor Audley; Susanne Blakeslee,920608730.0,0
Cinderella,15-Feb-50,7,Wilfred Jackson,Lucifer the Cat,June Foray,920608730.0,0
Cinderella,15-Feb-50,7,Wilfred Jackson,Major the Horse,None,920608730.0,0
Cinderella,15-Feb-50,7,Wilfred Jackson,Prince Charming,William Phipps,920608730.0,0
Frozen,22-Nov-13,13,Chris Buck,Anna,Kristen Bell,414997174.0,3
Frozen,22-Nov-13,13,Chris Buck,Duke of Weselton,Alan Tudyk,414997174.0,3
Frozen,22-Nov-13,13,Chris Buck,Elsa,Idina Menzel,414997174.0,3
Frozen,22-Nov-13,13,Chris Buck,Kristoff,Jonathan Groff,414997174.0,3
Frozen,22-Nov-13,13,Chris Buck,Oaken,Chris Williams,414997174.0,3
Frozen,22-Nov-13,13,Chris Buck,Olaf,Josh Gad,414997174.0,3
Frozen,22-Nov-13,13,Chris Buck,Prince Hans,Santino Fontana,414997174.0,3
Frozen,22-Nov-13,13,Chris Buck,Sven,None,414997174.0,3
Pirates of the Caribbean: On Stranger…,20-May-11,13,Rob Marshall,,,256263359.0,4
Zokkomon,22-Apr-11,13,Satyajit Bhatkal,,,2984.0,3
Gross Anatomy,20-Oct-89,7,Thom Eberhardt,,,23972012.0,4
The Incredibles,5-Nov-04,13,Brad Bird,,,354488708.0,3
Taking Care of Business,17-Aug-90,9,Arthur Hiller,,,39963460.0,5
Cocktail,29-Jul-88,7,Roger Donaldson,,,160442289.0,5
Gun Shy,4-Feb-00,9,Eric Blakeney,,,2562155.0,5
Mr. Destiny,12-Oct-90,9,James Orr,,,30722056.0,4
Herbie Goes to Monte Carlo,24-Jun-77,10,Vincent McEveety,,,105847527.0,0
Evita,25-Dec-96,15,Alan Parker,,,92077628.0,3
Dark Water,8-Jul-05,6,Walter Salles,,,33500491.0,4
Piglet's Big Movie,21-Mar-03,9,Francis Glebas,,,32298812.0,0
Kazaam,17-Jul-96,9,Paul Michael Glaser,,,36009655.0,3
Déjà Vu,22-Nov-06,6,Tony Scott,,,82267038.0,4
Waking Sleeping Beauty,26-Mar-10,2,Don Hahn,,,86264.0,3
The Count of Monte Cristo,25-Jan-02,7,Kevin Reynolds,,,78682079.0,4
The Program,24-Sep-93,12,Stephen Frears,,,46919256.0,5
When in Rome,29-Jan-10,8,Mark Steven Johnson,,,34917330.0,4
Born Yesterday,26-Mar-93,8,George Cukor,,,36165012.0,3
The Alamo,9-Apr-04,5,John Lee Hancock,,,30416359.0,4
Mad Love,26-May-95,7,Antonia Bird,,,29934306.0,4
Armageddon,1-Jul-98,13,Michael Bay,,,362324957.0,4
Air Bud,1-Aug-97,9,Charles Martin Smith,,,45266588.0,3
Fire Birds,24-May-90,12,David Green,,,29485923.0,4
The Black Cauldron,24-Jul-85,13,Ted Berman,Creeper,Phil Fondacaro,50553142.0,3
The Black Cauldron,24-Jul-85,13,Ted Berman,Dallben,Freddie Jones,50553142.0,3
The Black Cauldron,24-Jul-85,13,Ted Berman,Doli,John Byner,50553142.0,3
The Black Cauldron,24-Jul-85,13,Ted Berman,Fflewddur Fflam,Nigel Hawthorne,50553142.0,3
The Black Cauldron,24-Jul-85,13,Ted Berman,Gurgi,John Byner,50553142.0,3
The Black Cauldron,24-Jul-85,13,Ted Berman,Hen Wen,None,50553142.0,3
The Black Cauldron,24-Jul-85,13,Ted Berman,The Horned King,John Hurt,50553142.0,3
The Black Cauldron,24-Jul-85,13,Ted Berman,King Eiddileg,Arthur Malet,50553142.0,3
The Black Cauldron,24-Jul-85,13,Ted Berman,Orddu,Eda Reiss Merin,50553142.0,3
The Black Cauldron,24-Jul-85,13,Ted Berman,Orgoch,Billie Hayes,50553142.0,3
The Black Cauldron,24-Jul-85,13,Ted Berman,Orwen,Adele Malis-Morey,50553142.0,3
The Black Cauldron,24-Jul-85,13,Ted Berman,Princess Eilonwy,Susan Sheridan,50553142.0,3
The Black Cauldron,24-Jul-85,13,Ted Berman,Taran,Grant Bardsley,50553142.0,3
Oz the Great and Powerful,8-Mar-13,13,Sam Raimi,,,243434130.0,3
Two Much,15-Mar-96,8,Fernando Trueba,,,2057055.0,4
102 Dalmatians,22-Nov-00,9,Kevin Lima,,,104055039.0,0
The Pacifier,4-Mar-05,9,Adam Shankman,,,148619029.0,3
Prom,29-Apr-11,9,Paul Lynch,,,10768946.0,3
Un indien dans la ville,22-Mar-96,9,Hervé Palud,,,1963937.0,3
Annapolis,27-Jan-06,7,Justin Lin,,,22044113.0,4
The Country Bears,26-Jul-02,13,Peter Hastings,Beary Barrington,Haley Joel Osment,24650121.0,0
The Country Bears,26-Jul-02,13,Peter Hastings,Big Al,James Gammon,24650121.0,0
The Country Bears,26-Jul-02,13,Peter Hastings,Dex Barrington,Justin Berfield,24650121.0,0
The Country Bears,26-Jul-02,13,Peter Hastings,Ted Betterhead,Diedrich Bader,24650121.0,0
Planes: Fire and Rescue,18-Jul-14,13,Roberts Gannaway,,,61040349.0,3
Renaissance Man,3-Jun-94,9,Penny Marshall,,,49945474.0,4
Playing God,17-Oct-97,6,Andy Wilson,,,7652965.0,5
Phenomenon,5-Jul-96,7,Jon Turteltaub,,,199559799.0,3
Gnomeo and Juliet,11-Feb-11,9,Kelly Asbury,,,106270797.0,0
The Color of Money,17-Oct-86,7,Martin Scorsese,,,117957323.0,5
Blackbeard's Ghost,8-Feb-68,9,Robert Stevenson,,,138612686.0,0
Ernest Scared Stupid,11-Oct-91,9,John R. Cherry III,,,28320147.0,3
The Emperor's New Groove,15-Dec-00,13,Mark Dindal,Bucky the Squirrel,Bob Bergen,136789252.0,0
The Emperor's New Groove,15-Dec-00,13,Mark Dindal,Chaca,Kellyann Kelso,136789252.0,0
The Emperor's New Groove,15-Dec-00,13,Mark Dindal,Chicha,Wendie Malick,136789252.0,0
The Emperor's New Groove,15-Dec-00,13,Mark Dindal,Kronk Pepikrankenitz,Patrick Warburton,136789252.0,0
The Emperor's New Groove,15-Dec-00,13,Mark Dindal,Kuzco,David Spade,136789252.0,0
The Emperor's New Groove,15-Dec-00,13,Mark Dindal,Pacha,John Goodman,136789252.0,0
The Emperor's New Groove,15-Dec-00,13,Mark Dindal,Tipo,Eli Russell Linnetz,136789252.0,0
The Emperor's New Groove,15-Dec-00,13,Mark Dindal,Yzma,Eartha Kitt,136789252.0,0
Double Take,12-Jan-01,12,George Gallo,,,44418589.0,4
Rocket Man,10-Oct-97,9,Oscar Rudolph,,,28371890.0,3
Mulan,19-Jun-98,13,Barry Cook,Chi-Fu,James Hong,216807832.0,0
Mulan,19-Jun-98,13,Barry Cook,Chien-Po,Jerry Tondo,216807832.0,0
Mulan,19-Jun-98,13,Barry Cook,Cri-Kee,None,216807832.0,0
Mulan,19-Jun-98,13,Barry Cook,Emperor of China,Pat Morita,216807832.0,0
Mulan,19-Jun-98,13,Barry Cook,Fa Li,Freda Foh Shen,216807832.0,0
Mulan,19-Jun-98,13,Barry Cook,Fa Zhou,Soon-Tek Oh,216807832.0,0
Mulan,19-Jun-98,13,Barry Cook,First Ancestor Fa,George Takei,216807832.0,0
Mulan,19-Jun-98,13,Barry Cook,General Li,James Shigeta,216807832.0,0
Mulan,19-Jun-98,13,Barry Cook,Grandmother Fa,June Foray,216807832.0,0
Mulan,19-Jun-98,13,Barry Cook,Li Shang,B.D. Wong,216807832.0,0
Mulan,19-Jun-98,13,Barry Cook,Ling,Gedde Watanabe,216807832.0,0
Mulan,19-Jun-98,13,Barry Cook,The Matchmaker,Miriam Margoyles,216807832.0,0
Mulan,19-Jun-98,13,Barry Cook,Mulan,Ming-Na Wen; Lea Salonga,216807832.0,0
Mulan,19-Jun-98,13,Barry Cook,Mushu,Eddie Murphy,216807832.0,0
Mulan,19-Jun-98,13,Barry Cook,Shan Yu,Miguel Ferrer,216807832.0,0
Mulan,19-Jun-98,13,Barry Cook,Yao,Harvey Fierstein,216807832.0,0
Song of the South,12-Nov-46,13,Wilfred Jackson,Br'er Bear,Nick Stewart,1078510579.0,0
Song of the South,12-Nov-46,13,Wilfred Jackson,Br'er Fox,James Baskett,1078510579.0,0
Song of the South,12-Nov-46,13,Wilfred Jackson,Br'er Rabbit,Johnny Lee,1078510579.0,0
The Black Hole,21-Dec-79,13,Gary Nelson,,,120377374.0,3
Raising Helen,28-May-04,9,Garry Marshall,,,50886144.0,4
A Gun in Betty Lou's Handbag,21-Aug-92,9,Allan Moyle,,,7295423.0,4
The Air Up There,7-Jan-94,9,Paul Michael Glaser,,,42940186.0,3
Roommates,3-Mar-95,9,Peter Yates,,,23404369.0,3
Morning Light,17-Oct-08,2,Mark Monroe,,,322979.0,3
Valiant,19-Aug-05,13,Gary Chapman,,,25616292.0,0
Down and Out in Beverly Hills,31-Jan-86,9,Paul Mazursky,,,141183693.0,5
Tarzan,16-Jun-99,13,Chris Buck,Archimedes Q. Porter,Nigel Hawthorne,283900254.0,0
Tarzan,16-Jun-99,13,Chris Buck,Clayton,Brian Blessed,283900254.0,0
Tarzan,16-Jun-99,13,Chris Buck,Jane Porter,Minnie Driver,283900254.0,0
Tarzan,16-Jun-99,13,Chris Buck,Kala,Glenn Close,283900254.0,0
Tarzan,16-Jun-99,13,Chris Buck,Kerchak,Lance Henriksen,283900254.0,0
Tarzan,16-Jun-99,13,Chris Buck,Mungo,Jason Marsden,283900254.0,0
Tarzan,16-Jun-99,13,Chris Buck,Tantor,Wayne Knight,283900254.0,0
Tarzan,16-Jun-99,13,Chris Buck,Tarzan,Tony Goldwyn,283900254.0,0
Tarzan,16-Jun-99,13,Chris Buck,Tarzan,Alex D. Linz,283900254.0,0
Tarzan,16-Jun-99,13,Chris Buck,Terk,Rosie O'Donnell,283900254.0,0
The Royal Tenenbaums,14-Dec-01,4,Wes Anderson,,,76758193.0,5
James and the Giant Peach,12-Apr-96,13,Henry Selick,,,55159783.0,3
"Mystery, Alaska",1-Oct-99,9,Jay Roach,,,14755189.0,5
Last Dance,3-May-96,7,Thomas Carter,,,11171714.0,5
My Science Project,9-Aug-85,9,Jonathan R. Betuel,,,9736051.0,3
The Muppets,23-Nov-11,9,James Bobin,,,94189503.0,3
Turner & Hooch,28-Jul-89,9,Roger Spottiswoode,,,150176361.0,3
Oceans,22-Apr-10,2,Gary Ross,,,20751600.0,0
The Finest Hours,29-Jan-16,6,Craig Gillespie,,,27569558.0,3
Shoot to Kill,12-Feb-88,12,Roger Spottiswoode,,,60097074.0,5
Hannah Montana the Movie,10-Apr-09,7,Peter Chelsom,,,89443640.0,0
First Kid,30-Aug-96,9,David M. Evans,,,50465108.0,3
Consenting Adults,16-Oct-92,7,Alan J. Pakula,,,43859823.0,5
Dan in Real Life,20-Oct-07,8,Peter Hedges,,,58350234.0,4
Sorority Boys,22-Mar-02,9,Wallace Wolodarsky,,,14797862.0,5
Simon Birch,11-Sep-98,7,Mark Steven Johnson,,,32809442.0,3
In the Army Now,12-Aug-94,9,Daniel Petrie Jr.,,,59673787.0,3
Wreck-It Ralph,2-Nov-12,13,Rich Moore,Adorabeezle Winterpop,None,200354959.0,3
Wreck-It Ralph,2-Nov-12,13,Rich Moore,Candlehead,Katie Lowes,200354959.0,3
Wreck-It Ralph,2-Nov-12,13,Rich Moore,Crumbelina DiCaramello,Cymbre Walk,200354959.0,3
Wreck-It Ralph,2-Nov-12,13,Rich Moore,Duncan,Horatio Sanz,200354959.0,3
Wreck-It Ralph,2-Nov-12,13,Rich Moore,Fix-It Felix Jr.,Jack McBrayer,200354959.0,3
Wreck-It Ralph,2-Nov-12,13,Rich Moore,General Hologram,Dennis Haysbert,200354959.0,3
Wreck-It Ralph,2-Nov-12,13,Rich Moore,Gloyd Orangeboar,None,200354959.0,3
Wreck-It Ralph,2-Nov-12,13,Rich Moore,Jubileena Bing-Bing,Josie Trinidad,200354959.0,3
Wreck-It Ralph,2-Nov-12,13,Rich Moore,King Candy/Turbo,Alan Tudyk,200354959.0,3
Wreck-It Ralph,2-Nov-12,13,Rich Moore,Mr. Litwak,Ed O'Neill,200354959.0,3
Wreck-It Ralph,2-Nov-12,13,Rich Moore,Markowski,Joe Lo Truglio,200354959.0,3
Wreck-It Ralph,2-Nov-12,13,Rich Moore,Minty Zaki,None,200354959.0,3
Wreck-It Ralph,2-Nov-12,13,Rich Moore,Rancis Fluggerbutter,Jamie Elman,200354959.0,3
Wreck-It Ralph,2-Nov-12,13,Rich Moore,Sergeant Calhoun,Jane Lynch,200354959.0,3
Wreck-It Ralph,2-Nov-12,13,Rich Moore,Snowanna Rainbeau,None,200354959.0,3
Wreck-It Ralph,2-Nov-12,13,Rich Moore,Sour Bill,Rich Moore,200354959.0,3
Wreck-It Ralph,2-Nov-12,13,Rich Moore,"Swizzle ""The Swizz"" Malarkey",None,200354959.0,3
Wreck-It Ralph,2-Nov-12,13,Rich Moore,Taffyta Muttonfudge,Mindy Kaling,200354959.0,3
Wreck-It Ralph,2-Nov-12,13,Rich Moore,Vanellope von Schweetz,Sarah Silverman,200354959.0,3
Wreck-It Ralph,2-Nov-12,13,Rich Moore,Wreck-It Ralph,John C. Reilly,200354959.0,3
Wreck-It Ralph,2-Nov-12,13,Rich Moore,Wynchel,Adam Carolla,200354959.0,3
Iron Man 3,3-May-13,12,Shane Black,,,424084233.0,4
One Magic Christmas,22-Nov-85,7,Phillip Borsos,,,31415432.0,0
Beverly Hills Chihuahua,3-Oct-08,9,Raja Gosnell,,,110932022.0,3
WALL-E,27-Jun-08,13,Andrew Stanton,,,262771918.0,0
Aladdin,11-Nov-92,9,Ron Clements,Abu,Frank Welker,441969178.0,0
Aladdin,11-Nov-92,9,Ron Clements,Aladdin,Scott Weinger; Brad Kane,441969178.0,0
Aladdin,11-Nov-92,9,Ron Clements,Genie,Robin Williams,441969178.0,0
Aladdin,11-Nov-92,9,Ron Clements,Haroud Hazi Bin,James Avery,441969178.0,0
Aladdin,11-Nov-92,9,Ron Clements,Iago,Gilbert Gottfried,441969178.0,0
Aladdin,11-Nov-92,9,Ron Clements,Jafar,Jonathan Freeman,441969178.0,0
Aladdin,11-Nov-92,9,Ron Clements,Magic Carpet,None,441969178.0,0
Aladdin,11-Nov-92,9,Ron Clements,Mechanicles,Charlie Adler,441969178.0,0
Aladdin,11-Nov-92,9,Ron Clements,Mozenrath,Jonathan Brandis,441969178.0,0
Aladdin,11-Nov-92,9,Ron Clements,Princess Jasmine,Linda Larkin; Lea Salonga,441969178.0,0
Aladdin,11-Nov-92,9,Ron Clements,Rajah,Frank Welker,441969178.0,0
Aladdin,11-Nov-92,9,Ron Clements,Razoul,Jim Cummings,441969178.0,0
Aladdin,11-Nov-92,9,Ron Clements,Sadira,Kellie Martin,441969178.0,0
Aladdin,11-Nov-92,9,Ron Clements,The Sultan,Douglas Seale,441969178.0,0
Casanova,25-Dec-05,7,Lasse Hallström,,,14574087.0,5
Thor: The Dark World,8-Nov-13,13,Alan Taylor,,,213962184.0,4
Monkey Kingdom,17-Apr-15,2,Alastair Fothergill,,,16432322.0,0
Ernest Saves Christmas,11-Nov-88,9,John R. Cherry III,,,57845202.0,3
Saving Mr. Banks,13-Dec-13,7,John Lee Hancock,,,86249969.0,4
The Aristocats,24-Apr-70,15,Wolfgang Reitherman,Abigail Gabble,Monica Evans,255161499.0,0
The Aristocats,24-Apr-70,15,Wolfgang Reitherman,Amelia Gabble,Carole Shelley,255161499.0,0
The Aristocats,24-Apr-70,15,Wolfgang Reitherman,Berlioz,Dean Clark,255161499.0,0
The Aristocats,24-Apr-70,15,Wolfgang Reitherman,Billy Boss,Thurl Ravenscroft,255161499.0,0
The Aristocats,24-Apr-70,15,Wolfgang Reitherman,Duchess,Eva Gabor,255161499.0,0
The Aristocats,24-Apr-70,15,Wolfgang Reitherman,Edgar Balthazar the Butler,Roddy Maude-Roxby,255161499.0,0
The Aristocats,24-Apr-70,15,Wolfgang Reitherman,Frou-Frou,Nancy Kulp,255161499.0,0
The Aristocats,24-Apr-70,15,Wolfgang Reitherman,Georges Hautecourt,Charles Lane,255161499.0,0
The Aristocats,24-Apr-70,15,Wolfgang Reitherman,Hit Cat the English Cat,Lord Tim Hudson,255161499.0,0
The Aristocats,24-Apr-70,15,Wolfgang Reitherman,Lafayette the Basset Hound,George Lindsey,255161499.0,0
The Aristocats,24-Apr-70,15,Wolfgang Reitherman,Madame Adelaide Bonfamille,Hermione Baddeley,255161499.0,0
The Aristocats,24-Apr-70,15,Wolfgang Reitherman,Marie,Liz English,255161499.0,0
The Aristocats,24-Apr-70,15,Wolfgang Reitherman,Napoleon the Bloodhound,Pat Buttram,255161499.0,0
The Aristocats,24-Apr-70,15,Wolfgang Reitherman,Peppo the Italian Cat,Vito Scotti,255161499.0,0
The Aristocats,24-Apr-70,15,Wolfgang Reitherman,Roquefort the Mouse,Sterling Holloway,255161499.0,0
The Aristocats,24-Apr-70,15,Wolfgang Reitherman,Scat Cat,Scatman Crothers,255161499.0,0
The Aristocats,24-Apr-70,15,Wolfgang Reitherman,Shun Gon the Chinese Cat,Paul Winchell,255161499.0,0
The Aristocats,24-Apr-70,15,Wolfgang Reitherman,Thomas O'Malley,Phil Harris,255161499.0,0
The Aristocats,24-Apr-70,15,Wolfgang Reitherman,Toulouse,Gary Dubin,255161499.0,0
The Aristocats,24-Apr-70,15,Wolfgang Reitherman,Uncle Waldo,Bill Thompson,255161499.0,0
Calendar Girls,19-Dec-03,9,Nigel Cole,,,42379650.0,4
Unstrung Heroes,15-Sep-95,7,Diane Keaton,,,15365850.0,3
Three Fugitives,27-Jan-89,9,Francis Veber,,,85757817.0,4
Tomorrowland,22-May-15,13,Brad Bird,,,93436322.0,3
The Village,30-Jul-04,6,M. Night Shyamalan,,,155021748.0,4
"Alexander and the Terrible, Horrible,…",10-Oct-14,9,Miguel Arteta,,,69055550.0,3
Arachnophobia,18-Jul-90,6,Frank Marshall,,,106290270.0,4
Lincoln,9-Nov-12,7,Timur Bekmambetov,,,192122330.0,4
The Horse Whisperer,15-May-98,7,Robert Redford,,,135497531.0,4
Muppets Most Wanted,21-Mar-14,9,James Bobin,,,52807594.0,3
Spaced Invaders,27-Apr-90,9,Patrick Read Johnson,,,29964452.0,3
Just Visiting,6-Apr-01,9,Jean-Marie Poiré,,,7114869.0,4
Holes,18-Apr-03,7,Andrew Davis,,,94203395.0,3
The Last Shot,24-Sep-04,9,Jeff Nathanson,,,629502.0,5
Meet the Robinsons,30-Mar-07,13,Stephen J. Anderson,Bowler Hat Guy,Stephen J. Anderson,119860589.0,0
Meet the Robinsons,30-Mar-07,13,Stephen J. Anderson,Carl the Robot,Harland Williams,119860589.0,0
Meet the Robinsons,30-Mar-07,13,Stephen J. Anderson,Cornelius Robinson,Tom Selleck,119860589.0,0
Meet the Robinsons,30-Mar-07,13,Stephen J. Anderson,Doris,Ethan Sandler,119860589.0,0
Meet the Robinsons,30-Mar-07,13,Stephen J. Anderson,Frankie the Frog,Aurian Redson,119860589.0,0
Meet the Robinsons,30-Mar-07,13,Stephen J. Anderson,Franny Robinson,Nicole Sullivan,119860589.0,0
Meet the Robinsons,30-Mar-07,13,Stephen J. Anderson,Goob,Matthew Josten,119860589.0,0
Meet the Robinsons,30-Mar-07,13,Stephen J. Anderson,Lefty,Nathan Greno,119860589.0,0
Meet the Robinsons,30-Mar-07,13,Stephen J. Anderson,Lewis,Jordan Fry,119860589.0,0
Meet the Robinsons,30-Mar-07,13,Stephen J. Anderson,Lizzy,Tracey Miller-Zarneke,119860589.0,0
Meet the Robinsons,30-Mar-07,13,Stephen J. Anderson,Lucille Krunklehorn,Laurie Metcalf,119860589.0,0
Meet the Robinsons,30-Mar-07,13,Stephen J. Anderson,Mildred,Angela Bassett,119860589.0,0
Meet the Robinsons,30-Mar-07,13,Stephen J. Anderson,Mr. Willerstein,Tom Kenny,119860589.0,0
Meet the Robinsons,30-Mar-07,13,Stephen J. Anderson,Tiny,Joe Mateo,119860589.0,0
Meet the Robinsons,30-Mar-07,13,Stephen J. Anderson,Uncle Art,Adam West,119860589.0,0
Meet the Robinsons,30-Mar-07,13,Stephen J. Anderson,Wilbur Robinson,Wesley Singerman,119860589.0,0
Dead Poets Society,2-Jun-89,7,Peter Weir,,,202531517.0,3
Avengers: Age of Ultron,1-May-15,12,Joss Whedon,,,459005868.0,4
Man of the House,3-Mar-95,9,Stephen Herek,,,77573459.0,3
Bears,18-Apr-14,2,Daniel Chong,,,18346024.0,0
Passed Away,24-Apr-92,9,Charlie Peters,,,8187848.0,4
Atlantis: The Lost Empire,8-Jun-01,13,Gary Trousdale,Audrey Ramirez,Jacqueline Obradors,125188122.0,3
Atlantis: The Lost Empire,8-Jun-01,13,Gary Trousdale,Commander Lyle Rourke,James Garner,125188122.0,3
Atlantis: The Lost Empire,8-Jun-01,13,Gary Trousdale,Cookie,Jim Varney,125188122.0,3
Atlantis: The Lost Empire,8-Jun-01,13,Gary Trousdale,Dr. Joshua Sweet,Phil Morris,125188122.0,3
Atlantis: The Lost Empire,8-Jun-01,13,Gary Trousdale,Fenton Q. Harcourt,David Ogden Stiers,125188122.0,3
Atlantis: The Lost Empire,8-Jun-01,13,Gary Trousdale,"Gaetan ""Mole"" Moliére",Corey Burton,125188122.0,3
Atlantis: The Lost Empire,8-Jun-01,13,Gary Trousdale,Helga Sinclair,Claudia Christian,125188122.0,3
Atlantis: The Lost Empire,8-Jun-01,13,Gary Trousdale,King Kashekim Nedakh,Leonard Nimoy,125188122.0,3
Atlantis: The Lost Empire,8-Jun-01,13,Gary Trousdale,Milo Thatch,Michael J. Fox,125188122.0,3
Atlantis: The Lost Empire,8-Jun-01,13,Gary Trousdale,Preston B. Whitmore,John Mahoney,125188122.0,3
Atlantis: The Lost Empire,8-Jun-01,13,Gary Trousdale,Princess Kidagakash,Cree Summer,125188122.0,3
Atlantis: The Lost Empire,8-Jun-01,13,Gary Trousdale,"Vincenzo ""Vinny"" Santorini",Don Novello,125188122.0,3
Atlantis: The Lost Empire,8-Jun-01,13,Gary Trousdale,Wilhelmina Packard,Florence Stanley,125188122.0,3
Ernest Goes to Camp,22-May-87,9,John R. Cherry III,,,50686462.0,3
Spy Hard,24-May-96,9,Rick Friedberg,,,51373912.0,4
Snow Dogs,18-Jan-02,9,Brian Levant,,,117745317.0,3
Frankenweenie,5-Oct-12,9,Tim Burton,,,37363513.0,3
Tuck Everlasting,11-Oct-02,7,Jay Russell,,,27789959.0,3
Hauru no ugoku shiro,10-Jun-05,13,Hayao Miyazaki,,,6194870.0,3
Return to Oz,21-Jun-85,13,Walter Murch,,,25215934.0,3
Disney's A Christmas Carol,6-Nov-09,7,Robert Zemeckis,,,154927105.0,3
Prefontaine,24-Jan-97,7,Steve James,,,1085093.0,4
Beaches,21-Dec-88,7,Garry Marshall,,,120381757.0,4
101 Dalmatians,25-Jan-61,9,Stephen Herek,,,1362870985.0,0
The Last Song,31-Mar-10,7,Julie Anne Robinson,,,67258772.0,3
Father Hood,27-Aug-93,12,Darrell James Roodt,,,6654819.0,4
Encino Man,22-May-92,9,Les Mayfield,,,81369058.0,3
Sweet Home Alabama,27-Sep-02,9,Andy Tennant,,,184521151.0,4
Play it to the Bone,24-Dec-99,9,Ron Shelton,,,13180524.0,5
The Odd Life of Timothy Green,15-Aug-12,7,Peter Hedges,,,54914942.0,3
Honey I Blew Up the Kid,17-Jul-92,9,Randal Kleiser,,,119162518.0,3
Hercules,13-Jun-97,13,Ron Clements,Alcmene,Barbara Barrie,182029412.0,0
Hercules,13-Jun-97,13,Ron Clements,Amphitryon,Hal Holbrook,182029412.0,0
Hercules,13-Jun-97,13,Ron Clements,Apollo,Keith David,182029412.0,0
Hercules,13-Jun-97,13,Ron Clements,Atropos,Paddi Edwards,182029412.0,0
Hercules,13-Jun-97,13,Ron Clements,Calliope,Lillias White,182029412.0,0
Hercules,13-Jun-97,13,Ron Clements,Clio,Vanéese Y. Thomas,182029412.0,0
Hercules,13-Jun-97,13,Ron Clements,Clotho,Amanda Plummer,182029412.0,0
Hercules,13-Jun-97,13,Ron Clements,Demetrius,Wayne Knight,182029412.0,0
Hercules,13-Jun-97,13,Ron Clements,Hades,James Woods,182029412.0,0
Hercules,13-Jun-97,13,Ron Clements,Hera,Samantha Eggar,182029412.0,0
Hercules,13-Jun-97,13,Ron Clements,Hercules,Tate Donovan; Joshua Keaton,182029412.0,0
Hercules,13-Jun-97,13,Ron Clements,Hermes,Paul Shaffer,182029412.0,0
Hercules,13-Jun-97,13,Ron Clements,Lachesis,Carole Shelley,182029412.0,0
Hercules,13-Jun-97,13,Ron Clements,Megara,Susan Egan,182029412.0,0
Hercules,13-Jun-97,13,Ron Clements,Melpomene,Cheryl Freeman,182029412.0,0
Hercules,13-Jun-97,13,Ron Clements,Nessus,Jim Cummings,182029412.0,0
Hercules,13-Jun-97,13,Ron Clements,Pain and Panic,Bobcat Goldthwait; Matt Frewer,182029412.0,0
Hercules,13-Jun-97,13,Ron Clements,Pegasus,Frank Welker,182029412.0,0
Hercules,13-Jun-97,13,Ron Clements,Philoctetes,Danny DeVito,182029412.0,0
Hercules,13-Jun-97,13,Ron Clements,Terpsichore,LaChanze,182029412.0,0
Hercules,13-Jun-97,13,Ron Clements,Thalia,Roz Ryan,182029412.0,0
Hercules,13-Jun-97,13,Ron Clements,Zeus,Rip Torn,182029412.0,0
Dumbo,31-Oct-41,11,Ben Sharpsteen,Casey Junior,Margaret Wright,1600000.0,0
Dumbo,31-Oct-41,11,Ben Sharpsteen,Catty the Elephant,Noreen Gammill,1600000.0,0
Dumbo,31-Oct-41,11,Ben Sharpsteen,Circus Animals,None,1600000.0,0
Dumbo,31-Oct-41,11,Ben Sharpsteen,Dumbo,None,1600000.0,0
Dumbo,31-Oct-41,11,Ben Sharpsteen,Giddy the Elephant,Dorothy Scott,1600000.0,0
Dumbo,31-Oct-41,11,Ben Sharpsteen,Jim Crow,Cliff Edwards,1600000.0,0
Dumbo,31-Oct-41,11,Ben Sharpsteen,Mr. Stork,Sterling Holloway,1600000.0,0
Dumbo,31-Oct-41,11,Ben Sharpsteen,Mrs. Jumbo,Verna Felton,1600000.0,0
Dumbo,31-Oct-41,11,Ben Sharpsteen,Prissy the Elephant,Sarah Selby,1600000.0,0
Dumbo,31-Oct-41,11,Ben Sharpsteen,The Ringmaster,Herman Bing,1600000.0,0
Dumbo,31-Oct-41,11,Ben Sharpsteen,Timothy Q. Mouse,Edward Brophy,1600000.0,0
Bambi,14-Aug-42,11,David Hand,Bambi,Donnie Dunagan,267447150.0,0
Bambi,14-Aug-42,11,David Hand,Bambi,Hardie Albright,267447150.0,0
Bambi,14-Aug-42,11,David Hand,Bambi,Alexander Gould,267447150.0,0
Bambi,14-Aug-42,11,David Hand,Bambi's Mother,Paula Winslowe; Carolyn Hennesy,267447150.0,0
Bambi,14-Aug-42,11,David Hand,Faline,Cammie King; Ann Gillis,267447150.0,0
Bambi,14-Aug-42,11,David Hand,Flower,Stan Alexander; Sterling Holloway,267447150.0,0
Bambi,14-Aug-42,11,David Hand,Friend Owl,Will Wright,267447150.0,0
Bambi,14-Aug-42,11,David Hand,Great Prince of the Forest,Fred Shields,267447150.0,0
Bambi,14-Aug-42,11,David Hand,Man the Hunter,None,267447150.0,0
Bambi,14-Aug-42,11,David Hand,Mrs. Possum,Mary Lansing,267447150.0,0
Bambi,14-Aug-42,11,David Hand,Mrs. Quail,Thelma Boardman,267447150.0,0
Bambi,14-Aug-42,11,David Hand,Thumper,Peter Behn; Sam Edwards,267447150.0,0
Bambi,14-Aug-42,11,David Hand,Thumper's Mother,Margaret Lee,267447150.0,0
Saludos Amigos,24-Aug-42,11,Jack Kinney,José Carioca,José Oliveira; Rob Paulsen,1135000.0,1
Peter Pan,05-Feb-53,11,Hamilton Luske,Captain Hook,Hans Conried,87404651.0,0
Peter Pan,05-Feb-53,11,Hamilton Luske,The Crocodile (Tick Tock),None,87404651.0,0
Peter Pan,05-Feb-53,11,Hamilton Luske,Cubby,Robert Ellis,87404651.0,0
Peter Pan,05-Feb-53,11,Hamilton Luske,George Darling,Hans Conried,87404651.0,0
Peter Pan,05-Feb-53,11,Hamilton Luske,The Indian Chief,Candy Candido,87404651.0,0
Peter Pan,05-Feb-53,11,Hamilton Luske,John Darling,Paul Collins,87404651.0,0
Peter Pan,05-Feb-53,11,Hamilton Luske,Mary Darling,Heather Angel,87404651.0,0
Peter Pan,05-Feb-53,11,Hamilton Luske,Michael Darling,Tommy Luske,87404651.0,0
Peter Pan,05-Feb-53,11,Hamilton Luske,Mr. Smee,Bill Thompson,87404651.0,0
Peter Pan,05-Feb-53,11,Hamilton Luske,Nana,None,87404651.0,0
Peter Pan,05-Feb-53,11,Hamilton Luske,Nibs,Jeffrey Silver,87404651.0,0
Peter Pan,05-Feb-53,11,Hamilton Luske,Peter Pan,Bobby Driscoll,87404651.0,0
Peter Pan,05-Feb-53,11,Hamilton Luske,Slightly,Stuffy Singer,87404651.0,0
Peter Pan,05-Feb-53,11,Hamilton Luske,Tiger Lily,Cree Summer,87404651.0,0
Peter Pan,05-Feb-53,11,Hamilton Luske,Tinker Bell,Mae Whitman,87404651.0,0
Peter Pan,05-Feb-53,11,Hamilton Luske,Tootles,None,87404651.0,0
Peter Pan,05-Feb-53,11,Hamilton Luske,Wendy Darling,Kathryn Beaumont,87404651.0,0
Robin Hood,12-May-10,13,Wolfgang Reitherman,Alan-a-Dale,Roger Miller,321669741.0,4
Robin Hood,12-May-10,13,Wolfgang Reitherman,Friar Tuck,Andy Devine,321669741.0,4
Robin Hood,12-May-10,13,Wolfgang Reitherman,King Richard,Peter Ustinov,321669741.0,4
Robin Hood,12-May-10,13,Wolfgang Reitherman,Lady Kluck,Carole Shelley,321669741.0,4
Robin Hood,12-May-10,13,Wolfgang Reitherman,Little John,Phil Harris,321669741.0,4
Robin Hood,12-May-10,13,Wolfgang Reitherman,Maid Marian,Monica Evans,321669741.0,4
Robin Hood,12-May-10,13,Wolfgang Reitherman,Mother Rabbit,Barbara Luddy,321669741.0,4
Robin Hood,12-May-10,13,Wolfgang Reitherman,Nutsy the Vulture,Ken Curtis,321669741.0,4
Robin Hood,12-May-10,13,Wolfgang Reitherman,Otto,J. Pat O'Malley,321669741.0,4
Robin Hood,12-May-10,13,Wolfgang Reitherman,Prince John,Peter Ustinov,321669741.0,4
Robin Hood,12-May-10,13,Wolfgang Reitherman,Robin Hood,Brian Bedford,321669741.0,4
Robin Hood,12-May-10,13,Wolfgang Reitherman,Sheriff of Nottingham,Pat Buttram,321669741.0,4
Robin Hood,12-May-10,13,Wolfgang Reitherman,Sir Hiss,Terry-Thomas,321669741.0,4
Robin Hood,12-May-10,13,Wolfgang Reitherman,Sis Bunny,Dana Laurita,321669741.0,4
Robin Hood,12-May-10,13,Wolfgang Reitherman,Skippy Bunny,Billy Whittaker,321669741.0,4
Robin Hood,12-May-10,13,Wolfgang Reitherman,Tagalong Bunny,Dori Whittaker,321669741.0,4
Robin Hood,12-May-10,13,Wolfgang Reitherman,Toby Turtle,Richie Sanders,321669741.0,4
Robin Hood,12-May-10,13,Wolfgang Reitherman,Trigger the Vulture,George Lindsey,321669741.0,4
Fantasia 2000,17-Dec-99,11,full credits,Ballerina,None,60655420.0,0
Fantasia 2000,17-Dec-99,11,full credits,Duke,None,60655420.0,0
Fantasia 2000,17-Dec-99,11,full credits,Firebird !The Firebird,Hugo Weaving,60655420.0,0
Fantasia 2000,17-Dec-99,11,full credits,Jack-in-the-Box,John Lithgow,60655420.0,0
Fantasia 2000,17-Dec-99,11,full credits,Jobless Joe,None,60655420.0,0
Fantasia 2000,17-Dec-99,11,full credits,Rachel,None,60655420.0,0
Fantasia 2000,17-Dec-99,11,full credits,Spring Sprite,Helena Bonham Carter,60655420.0,0
Fantasia 2000,17-Dec-99,11,full credits,Yo-Yo,None,60655420.0,0
DuckTales,03-Aug-90,13,Bob Hathcock,Babyface Beagle,Terry McGovern,18115724.0,0
DuckTales,03-Aug-90,13,Bob Hathcock,Backwoods Beagle,Danny Mann,18115724.0,0
DuckTales,03-Aug-90,13,Bob Hathcock,Bacon Beagle,None,18115724.0,0
DuckTales,03-Aug-90,13,Bob Hathcock,Baggy Beagle,Frank Welker,18115724.0,0
DuckTales,03-Aug-90,13,Bob Hathcock,Bankjob Beagle,Peter Cullen,18115724.0,0
DuckTales,03-Aug-90,13,Bob Hathcock,Bentina Beakley,Joan Gerber,18115724.0,0
DuckTales,03-Aug-90,13,Bob Hathcock,Bigtime Beagle,Frank Welker,18115724.0,0
DuckTales,03-Aug-90,13,Bob Hathcock,Binky Beagle,None,18115724.0,0
DuckTales,03-Aug-90,13,Bob Hathcock,Bomber Beagle,Robert Ridgely,18115724.0,0
DuckTales,03-Aug-90,13,Bob Hathcock,Bouncer Beagle,Chuck McCann,18115724.0,0
DuckTales,03-Aug-90,13,Bob Hathcock,Bugle Beagle,Brian Cummings,18115724.0,0
DuckTales,03-Aug-90,13,Bob Hathcock,Burger Beagle,Chuck McCann,18115724.0,0
DuckTales,03-Aug-90,13,Bob Hathcock,Dijon the Thief,Richard Libertini,18115724.0,0
DuckTales,03-Aug-90,13,Bob Hathcock,Doofus Drake,Brian Cummings,18115724.0,0
DuckTales,03-Aug-90,13,Bob Hathcock,Duckworth,Chuck McCann,18115724.0,0
DuckTales,03-Aug-90,13,Bob Hathcock,El Capitan,Jim Cummings,18115724.0,0
DuckTales,03-Aug-90,13,Bob Hathcock,Fenton Crackshell (Gizmoduck),Hamilton Camp,18115724.0,0
DuckTales,03-Aug-90,13,Bob Hathcock,Flintheart Glomgold,Hal Smith,18115724.0,0
DuckTales,03-Aug-90,13,Bob Hathcock,Gladstone Gander,Rob Paulsen,18115724.0,0
DuckTales,03-Aug-90,13,Bob Hathcock,Glittering Goldie,Joan Gerber,18115724.0,0
DuckTales,03-Aug-90,13,Bob Hathcock,Gyro Gearloose,Hal Smith,18115724.0,0
DuckTales,03-Aug-90,13,Bob Hathcock,Launchpad McQuack,Terry McGovern,18115724.0,0
DuckTales,03-Aug-90,13,Bob Hathcock,Ma Beagle,June Foray,18115724.0,0
DuckTales,03-Aug-90,13,Bob Hathcock,Magica De Spell,June Foray,18115724.0,0
DuckTales,03-Aug-90,13,Bob Hathcock,Megabyte Beagle,Frank Welker,18115724.0,0
DuckTales,03-Aug-90,13,Bob Hathcock,Merlock the Magician,Christopher Lloyd,18115724.0,0
DuckTales,03-Aug-90,13,Bob Hathcock,Mrs. Featherby,June Foray,18115724.0,0
DuckTales,03-Aug-90,13,Bob Hathcock,The Phantom Blot,Frank Welker; John O'Hurley,18115724.0,0
DuckTales,03-Aug-90,13,Bob Hathcock,Poe De Spell,Terry McGovern; Frank Welker,18115724.0,0
DuckTales,03-Aug-90,13,Bob Hathcock,Scrooge McDuck,Alan Young,18115724.0,0
DuckTales,03-Aug-90,13,Bob Hathcock,Webby Vanderquack,Russi Taylor,18115724.0,0
Who Framed Roger Rabbit,21-Jun-88,14,Robert Zemeckis,Baby Herman,April Winchell,329803958.0,3
Who Framed Roger Rabbit,21-Jun-88,14,Robert Zemeckis,Baby Herman,Lou Hirsch,329803958.0,3
Who Framed Roger Rabbit,21-Jun-88,14,Robert Zemeckis,Benny the Cab,Charles Fleischer,329803958.0,3
Who Framed Roger Rabbit,21-Jun-88,14,Robert Zemeckis,Greasy the Weasel,Charles Fleischer,329803958.0,3
Who Framed Roger Rabbit,21-Jun-88,14,Robert Zemeckis,Jessica Rabbit,Kathleen Turner,329803958.0,3
Who Framed Roger Rabbit,21-Jun-88,14,Robert Zemeckis,Judge Doom,Christopher Lloyd,329803958.0,3
Who Framed Roger Rabbit,21-Jun-88,14,Robert Zemeckis,Psycho the Weasel,Charles Fleischer,329803958.0,3
Who Framed Roger Rabbit,21-Jun-88,14,Robert Zemeckis,Roger Rabbit,Charles Fleischer,329803958.0,3
Who Framed Roger Rabbit,21-Jun-88,14,Robert Zemeckis,Smarty the Weasel,David Lander,329803958.0,3
Who Framed Roger Rabbit,21-Jun-88,14,Robert Zemeckis,Stupid the Weasel,Fred Newman,329803958.0,3
Who Framed Roger Rabbit,21-Jun-88,14,Robert Zemeckis,Wheezy the Weasel,June Foray,329803958.0,3
One Hundred and One Dalmatians,25-Jan-61,13,Hamilton Luske,The Captain,Thurl Ravenscroft,85000000.0,0
One Hundred and One Dalmatians,25-Jan-61,13,Hamilton Luske,Duchess,Marjorie Bennett,85000000.0,0
One Hundred and One Dalmatians,25-Jan-61,13,Hamilton Luske,Lucky,Mimi Gibson,85000000.0,0
One Hundred and One Dalmatians,25-Jan-61,13,Hamilton Luske,Nanny,Martha Wentworth,85000000.0,0
One Hundred and One Dalmatians,25-Jan-61,13,Hamilton Luske,Patch,Mickey Maga,85000000.0,0
One Hundred and One Dalmatians,25-Jan-61,13,Hamilton Luske,Penny,Sandra Abbott,85000000.0,0
One Hundred and One Dalmatians,25-Jan-61,13,Hamilton Luske,Princess,Queenie Leonard,85000000.0,0
One Hundred and One Dalmatians,25-Jan-61,13,Hamilton Luske,Rolly,Barbara Beaird,85000000.0,0
Return to Never Land,14-Feb-02,13,Robin Budd,Danny,Andrew McDonough,109862682.0,0
Return to Never Land,14-Feb-02,13,Robin Budd,Edward,Roger Rees,109862682.0,0
Return to Never Land,14-Feb-02,13,Robin Budd,Jane,Harriet Owen,109862682.0,0
Return to Never Land,14-Feb-02,13,Robin Budd,The Octopus,Frank Welker,109862682.0,0
Pete's Dragon,10-Aug-16,13,David Lowery,Elliott,Charlie Callas,143695338.0,3
Mulan 2,18-Jun-98,11,Tony Bancroft,Sha-ron,Mary Gibbs,304320254.0,0
The Pirate Fairy,13-Feb-14,11,Peggy Holmes,Zarina,Christina Hendricks,20300000.0,0
