movie_title,release_date,genre,MPAA_rating,director,character,voice-actor,revenue
Recess: School's Out,16-Feb-01,Comedy,G,Chuck Sheetz,NA,NA,54656124.0
D2: The Mighty Ducks,25-Mar-94,Comedy,PG,Sam Weisman,NA,NA,94226333.0
Home on the Range,2-Apr-04,Comedy,PG,Will Finn,Alameda Slim,Randy Quaid,67910166.0
Home on the Range,2-Apr-04,Comedy,PG,Will Finn,Audrey the Chicken,Estelle Harris,67910166.0
Home on the Range,2-Apr-04,Comedy,PG,Will Finn,Buck,Cuba Gooding Jr.,67910166.0
Home on the Range,2-Apr-04,Comedy,PG,Will Finn,Grace,Jennifer Tilly,67910166.0
Home on the Range,2-Apr-04,Comedy,PG,Will Finn,Jeb the Goat,Joe Flaherty,67910166.0
Home on the Range,2-Apr-04,Comedy,PG,Will Finn,Junior the Buffalo,Lance LeGault,67910166.0
Home on the Range,2-Apr-04,Comedy,PG,Will Finn,Larry the Duck,Marshall Efron,67910166.0
Home on the Range,2-Apr-04,Comedy,PG,Will Finn,Lucky Jack,Charles Haid,67910166.0
Home on the Range,2-Apr-04,Comedy,PG,Will Finn,Maggie,Roseanne Barr,67910166.0
Home on the Range,2-Apr-04,Comedy,PG,Will Finn,Mrs. Calloway,Judi Dench,67910166.0
Home on the Range,2-Apr-04,Comedy,PG,Will Finn,Ollie the Pig,Charlie Dell,67910166.0
Home on the Range,2-Apr-04,Comedy,PG,Will Finn,Pearl Gesner,Carole Cook,67910166.0
Home on the Range,2-Apr-04,Comedy,PG,Will Finn,Rico,Charles Dennis,67910166.0
Home on the Range,2-Apr-04,Comedy,PG,Will Finn,Rusty the Dog,G.W. Bailey,67910166.0
Home on the Range,2-Apr-04,Comedy,PG,Will Finn,Sam the Sheriff,Richard Riehle,67910166.0
Home on the Range,2-Apr-04,Comedy,PG,Will Finn,Wesley,Steve Buscemi,67910166.0
Young Black Stallion,25-Dec-03,Adventure,G,Simon Wincer,NA,NA,9254344.0
What's Love Got to Do With It,9-Jun-93,Drama,R,Brian Gibson,NA,NA,79618610.0
Lady and the Tramp,22-Jun-55,Drama,G,Hamilton Luske,Al the Alligator,Thurl Ravenscroft,1236035515.0
Lady and the Tramp,22-Jun-55,Drama,G,Hamilton Luske,Aunt Sarah,Verna Felton,1236035515.0
Lady and the Tramp,22-Jun-55,Drama,G,Hamilton Luske,Beaver,Stan Freberg,1236035515.0
Lady and the Tramp,22-Jun-55,Drama,G,Hamilton Luske,Darling,Peggy Lee,1236035515.0
Lady and the Tramp,22-Jun-55,Drama,G,Hamilton Luske,Jim Dear,Lee Millar,1236035515.0
Lady and the Tramp,22-Jun-55,Drama,G,Hamilton Luske,Jock,Bill Thompson,1236035515.0
Lady and the Tramp,22-Jun-55,Drama,G,Hamilton Luske,Lady,Barbara Luddy,1236035515.0
Lady and the Tramp,22-Jun-55,Drama,G,Hamilton Luske,Peg,Peggy Lee,1236035515.0
Lady and the Tramp,22-Jun-55,Drama,G,Hamilton Luske,Si & Am,Peggy Lee,1236035515.0
Lady and the Tramp,22-Jun-55,Drama,G,Hamilton Luske,Tramp,Larry Roberts,1236035515.0
Lady and the Tramp,22-Jun-55,Drama,G,Hamilton Luske,Trusty,Bill Baucom,1236035515.0
Corky Romano,12-Oct-01,Comedy,PG-13,Rob Pritts,NA,NA,35705805.0
The Waterboy,6-Nov-98,Comedy,PG-13,Frank Coraci,NA,NA,288691833.0
Captain America: The Winter Soldier,4-Apr-14,Action,PG-13,Anthony Russo,NA,NA,268013076.0
Pirates of the Caribbean: Dead Man’…,7-Jul-06,Adventure,PG-13,Gore Verbinski,NA,NA,544817142.0
Ladder 49,1-Oct-04,Action,PG-13,Jay Russell,NA,NA,101161045.0
Coyote Ugly,4-Aug-00,Drama,PG-13,David McNally,NA,NA,95070168.0
The Sixth Man,28-Mar-97,Comedy,PG-13,Randall Miller,NA,NA,27117599.0
Dick Tracy,15-Jun-90,Action,PG,Warren Beatty,NA,NA,207231621.0
Sister Act 2 Back in the Habit,10-Dec-93,Comedy,PG,Bill Duke,NA,NA,116965668.0
DuckTales: The Movie - Treasure of th…,3-Aug-90,Adventure,G,NA,NA,NA,36107823.0
Blame it on the Bellboy,6-Mar-92,Comedy,PG-13,Mark Herman,NA,NA,5872667.0
The Hunchback of Notre Dame,21-Jun-96,Adventure,G,Gary Trousdale,Achilles,None,190988799.0
The Hunchback of Notre Dame,21-Jun-96,Adventure,G,Gary Trousdale,The Archdeacon,David Ogden Stiers,190988799.0
The Hunchback of Notre Dame,21-Jun-96,Adventure,G,Gary Trousdale,Captain Phoebus,Kevin Kline,190988799.0
The Hunchback of Notre Dame,21-Jun-96,Adventure,G,Gary Trousdale,Clopin Trouillefou,Paul Kandel,190988799.0
The Hunchback of Notre Dame,21-Jun-96,Adventure,G,Gary Trousdale,Djali,None,190988799.0
The Hunchback of Notre Dame,21-Jun-96,Adventure,G,Gary Trousdale,Esmeralda,Demi Moore,190988799.0
The Hunchback of Notre Dame,21-Jun-96,Adventure,G,Gary Trousdale,Hugo,Jason Alexander,190988799.0
The Hunchback of Notre Dame,21-Jun-96,Adventure,G,Gary Trousdale,Judge Claude Frollo,Tony Jay,190988799.0
The Hunchback of Notre Dame,21-Jun-96,Adventure,G,Gary Trousdale,Laverne,Mary Wickes,190988799.0
The Hunchback of Notre Dame,21-Jun-96,Adventure,G,Gary Trousdale,Quasimodo,Tom Hulce,190988799.0
The Hunchback of Notre Dame,21-Jun-96,Adventure,G,Gary Trousdale,Victor,Charles Kimbrough,190988799.0
Ernest Goes to Jail,6-Apr-90,Comedy,PG,John R. Cherry III,NA,NA,49999822.0
Ant-Man,17-Jul-15,Action,PG-13,Peyton Reed,NA,NA,180202163.0
The Shaggy Dog,10-Mar-06,Comedy,PG,Brian Robbins,NA,NA,78667428.0
The Life Aquatic with Steve Zissou,10-Dec-04,Comedy,R,Wes Anderson,NA,NA,32198655.0
Bridge to Terabithia,16-Feb-07,Drama,PG,Gábor Csupó,NA,NA,100760721.0
Beauty and the Beast,13-Nov-91,Musical,G,Gary Trousdale,Armoire,Jo Anne Worley,363017667.0
Beauty and the Beast,13-Nov-91,Musical,G,Gary Trousdale,Babette,Mary Kay Bergman,363017667.0
Beauty and the Beast,13-Nov-91,Musical,G,Gary Trousdale,Baker,Alex Murphey,363017667.0
Beauty and the Beast,13-Nov-91,Musical,G,Gary Trousdale,Beast,Robby Benson,363017667.0
Beauty and the Beast,13-Nov-91,Musical,G,Gary Trousdale,Belle,Paige O'Hara,363017667.0
Beauty and the Beast,13-Nov-91,Musical,G,Gary Trousdale,Bimbette,Kath Soucie,363017667.0
Beauty and the Beast,13-Nov-91,Musical,G,Gary Trousdale,Bookseller,Alvin Epstein,363017667.0
Beauty and the Beast,13-Nov-91,Musical,G,Gary Trousdale,Chef Bouche,Brian Cummings,363017667.0
Beauty and the Beast,13-Nov-91,Musical,G,Gary Trousdale,Chip Potts,Bradley Michael Pierce,363017667.0
Beauty and the Beast,13-Nov-91,Musical,G,Gary Trousdale,Cogsworth,David Ogden Stiers,363017667.0
Beauty and the Beast,13-Nov-91,Musical,G,Gary Trousdale,Fifi the Featherduster,Kimmy Robertson,363017667.0
Beauty and the Beast,13-Nov-91,Musical,G,Gary Trousdale,Gaston,Richard White,363017667.0
Beauty and the Beast,13-Nov-91,Musical,G,Gary Trousdale,Le Fou,Jesse Corti,363017667.0
Beauty and the Beast,13-Nov-91,Musical,G,Gary Trousdale,Lumière,Jerry Orbach,363017667.0
Beauty and the Beast,13-Nov-91,Musical,G,Gary Trousdale,Maurice,Rex Everhart,363017667.0
Beauty and the Beast,13-Nov-91,Musical,G,Gary Trousdale,Monsieur D'Arque,Tony Jay,363017667.0
Beauty and the Beast,13-Nov-91,Musical,G,Gary Trousdale,Mrs. Potts,Angela Lansbury,363017667.0
Beauty and the Beast,13-Nov-91,Musical,G,Gary Trousdale,Philippe the Horse,Hal Smith,363017667.0
Beauty and the Beast,13-Nov-91,Musical,G,Gary Trousdale,Sultan the Footstool,Frank Welker,363017667.0
Miami Rhapsody,27-Jan-95,Romantic Comedy,PG-13,David Frankel,NA,NA,9857435.0
A Bug's Life,20-Nov-98,Adventure,G,John Lasseter,NA,NA,288981698.0
3 Men and a Little Lady,21-Nov-90,Comedy,PG,Emile Ardolino,NA,NA,143108869.0
The Puppet Masters,21-Oct-94,Horror,R,Stuart Orme,NA,NA,17727017.0
Signs,2-Aug-02,Thriller/Suspense,PG-13,M. Night Shyamalan,NA,NA,330754439.0
Dead Presidents,4-Oct-95,Drama,R,Albert Hughes,NA,NA,46741467.0
"McFarland, USA",20-Feb-15,Drama,PG,Niki Caro,NA,NA,44480275.0
George Of The Jungle,16-Jul-97,Comedy,PG,Sam Weisman,NA,NA,193326632.0
Bound by Honor,16-Apr-93,NA,R,Taylor Hackford,NA,NA,9156084.0
The Avengers,4-May-12,Action,PG-13,Joss Whedon,NA,NA,660081224.0
Ten Things I Hate About You,31-Mar-99,Romantic Comedy,PG-13,Andre Paras,NA,NA,63354375.0
Earth,22-Apr-09,Documentary,G,Kevin Nolting,NA,NA,35981010.0
Hello Again,6-Nov-87,Comedy,NA,Frank Perry,NA,NA,44024529.0
When a Man Loves a Woman,29-Apr-94,Drama,R,Luis Mandoki,NA,NA,103354194.0
Unbreakable,22-Nov-00,Thriller/Suspense,PG-13,M. Night Shyamalan,NA,NA,148208901.0
3 Men and a Baby,25-Nov-87,Comedy,PG,Leonard Nimoy,NA,NA,353334607.0
X Games 3D: The Movie,21-Aug-09,Documentary,PG,Steven Lawrence,NA,NA,1563976.0
Cars 2,24-Jun-11,Adventure,G,John Lasseter,NA,NA,203522177.0
The Princess Diaries 2: Royal Engagement,11-Aug-04,Romantic Comedy,G,Garry Marshall,NA,NA,129164207.0
The Jungle Book 2,14-Feb-03,Adventure,G,Steve Trenbirth,NA,NA,66966883.0
Aspen Extreme,22-Jan-93,Romantic Comedy,PG-13,Patrick Hasburgh,NA,NA,15970955.0
Noises Off...,20-Mar-92,Comedy,PG-13,Peter Bogdanovich,NA,NA,4631720.0
He Got Game,1-May-98,Drama,R,Spike Lee,NA,NA,38766948.0
Bringing Down the House,7-Mar-03,Comedy,PG-13,Adam Shankman,NA,NA,185481530.0
Bon Voyage!,17-May-62,Comedy,Not Rated,Jean-Paul Rappeneau,NA,NA,109581646.0
Doctor Strange,4-Nov-16,Adventure,PG-13,Scott Derrickson,NA,NA,232532923.0
Flubber,26-Nov-97,Comedy,PG,Les Mayfield,NA,NA,170406423.0
Roving Mars,27-Jan-06,Documentary,G,George Butler,NA,NA,12948025.0
Captain Ron,18-Sep-92,Comedy,PG-13,Thom Eberhardt,NA,NA,45741576.0
Shadow Conspiracy,31-Jan-97,Thriller/Suspense,R,George P. Cosmatos,NA,NA,3957025.0
Good Morning Vietnam,23-Dec-87,Comedy,R,Barry Levinson,NA,NA,254414837.0
Babes in Toyland,14-Dec-61,Musical,G,Jack Donohue,NA,NA,124841160.0
An Innocent Man,6-Oct-89,Drama,R,Peter Yates,NA,NA,40983414.0
Summer of Sam,2-Jul-99,Drama,R,Spike Lee,NA,NA,32007656.0
The Good Dinosaur,25-Nov-15,Adventure,PG,Peter Sohn,NA,NA,123087120.0
Angels in the Outfield,15-Jul-94,Comedy,PG,William Dear,NA,NA,103798152.0
Tough Guys,3-Oct-86,Comedy,NA,Jeff Kanew,NA,NA,48758184.0
Something Wicked This Way Comes,29-Apr-83,Horror,NA,Jack Clayton,NA,NA,15136765.0
The Rocketeer,21-Jun-91,Action,PG,Joe Johnston,NA,NA,93256673.0
Stakeout,5-Aug-87,Comedy,R,John Badham,NA,NA,141592160.0
National Treasure 2: Book of Secrets,21-Dec-07,Adventure,PG,Jon Turteltaub,NA,NA,267003525.0
Terminal Velocity,23-Sep-94,Action,PG-13,Deran Sarafian,NA,NA,34048315.0
Apocalypto,8-Dec-06,Adventure,R,Mel Gibson,NA,NA,64959548.0
Invincible,25-Aug-06,Drama,PG,Ericson Core,NA,NA,74398864.0
25th Hour,19-Dec-02,Drama,R,Spike Lee,NA,NA,18325463.0
Mighty Joe Young,25-Dec-98,Adventure,PG,Ron Underwood,NA,NA,87906042.0
Deceived,27-Sep-91,Thriller/Suspense,PG-13,Damian Harris,NA,NA,57544453.0
Never Cry Wolf,7-Oct-83,Drama,NA,Carroll Ballard,NA,NA,70669955.0
G-Force,24-Jul-09,Adventure,PG,Hoyt Yeatman,NA,NA,134246932.0
Feast of July,13-Oct-95,Drama,R,Christopher Menaul,NA,NA,568342.0
The Lookout,30-Mar-07,Drama,R,Scott Frank,NA,NA,5637048.0
Cool Runnings,1-Oct-93,Comedy,PG,Jon Turteltaub,NA,NA,140392731.0
Alice Through the Looking Glass,27-May-16,Adventure,PG,James Bobin,NA,NA,77042381.0
The Devil and Max Devlin,1-Jan-81,NA,NA,Steven Hilliard Stern,NA,NA,48517980.0
The Chronicles of Narnia: Prince Caspian,16-May-08,Adventure,PG,Andrew Adamson,NA,NA,166277038.0
The Insider,5-Nov-99,Drama,R,Michael Mann,NA,NA,47794214.0
Camp Nowhere,26-Aug-94,Comedy,PG,Jonathan Prince,NA,NA,21576332.0
The Rock,7-Jun-96,Action,R,Michael Bay,NA,NA,255702705.0
Green Card,25-Dec-90,Romantic Comedy,PG-13,Peter Weir,NA,NA,59679131.0
Real Steel,7-Oct-11,Action,PG-13,Shawn Levy,NA,NA,90848019.0
A Kid in King Arthur's Court,11-Aug-95,Adventure,PG,Michael Gottlieb,NA,NA,25981285.0
The Last Flight of Noah’s Ark,25-Jun-80,NA,NA,Charles Jarrott,NA,NA,34472116.0
African Cats,22-Apr-11,Documentary,G,Alastair Fothergill,NA,NA,16401551.0
Toy Story 3D Double Feature,2-Oct-09,Adventure,G,NA,NA,NA,34509545.0
Into the Woods,25-Dec-14,Musical,PG,Rob Marshall,NA,NA,130894237.0
Finding Nemo,30-May-03,Adventure,G,Andrew Stanton,NA,NA,518148559.0
The Good Mother,4-Nov-88,Drama,NA,Steve Antin,NA,NA,9772655.0
The Hundred-Foot Journey,8-Aug-14,Romantic Comedy,PG,Lasse Hallström,NA,NA,55961409.0
Pearl Harbor,25-May-01,Action,PG-13,Michael Bay,NA,NA,295705112.0
Pirates of the Caribbean: At World’…,24-May-07,Adventure,PG-13,Gore Verbinski,NA,NA,379129960.0
Color of Night,19-Aug-94,Thriller/Suspense,R,Richard Rush,NA,NA,40804816.0
Romy and Michele's High School Reunion,25-Apr-97,Comedy,R,David Mirkin,NA,NA,53693680.0
Cheetah,18-Aug-89,Adventure,NA,Oz Scott,NA,NA,16653473.0
Jack,9-Aug-96,Drama,PG-13,Christopher McQuarrie,NA,NA,111792852.0
Monsters University,21-Jun-13,Adventure,G,Dan Scanlon,NA,NA,278395641.0
The Fifth Estate,18-Oct-13,Drama,R,Bill Condon,NA,NA,3374251.0
Before and After,23-Feb-96,Drama,PG-13,Barbet Schroeder,NA,NA,16482589.0
Moonlight Mile,27-Sep-02,Drama,PG-13,Brad Silberling,NA,NA,9909094.0
A Stranger Among Us,17-Jul-92,Drama,PG-13,Sidney Lumet,NA,NA,24950752.0
The Lizzie McGuire Movie,2-May-03,Comedy,PG,Jim Fall,NA,NA,59743191.0
Krippendorf's Tribe,27-Feb-98,Comedy,PG-13,Todd Holland,NA,NA,13608633.0
crazy/beautiful,29-Jun-01,Drama,PG-13,John Stockwell,NA,NA,25214223.0
Adventures in Babysitting,3-Jul-87,Comedy,NA,John Schultz,NA,NA,72853569.0
The Game Plan,22-Sep-07,Comedy,PG,Andy Fickman,NA,NA,111010758.0
Splash,9-Mar-84,Comedy,PG,Ron Howard,NA,NA,157057661.0
Who Framed Roger Rabbit?,22-Jun-88,Comedy,PG,Robert Zemeckis,NA,NA,316250084.0
The Light Between Oceans,2-Sep-16,Drama,PG-13,Derek Cianfrance,NA,NA,12545979.0
The Guardian,29-Sep-06,Action,PG-13,Andrew Davis,NA,NA,70801353.0
The Sword in the Stone,25-Dec-63,Adventure,NA,Wolfgang Reitherman,Archimedes,Junius Matthews,153870834.0
The Sword in the Stone,25-Dec-63,Adventure,NA,Wolfgang Reitherman,Arthur/Wart,Rickie Sorensen,153870834.0
The Sword in the Stone,25-Dec-63,Adventure,NA,Wolfgang Reitherman,Arthur/Wart,Richard Reitherman,153870834.0
The Sword in the Stone,25-Dec-63,Adventure,NA,Wolfgang Reitherman,Arthur/Wart,Robert Reitherman,153870834.0
The Sword in the Stone,25-Dec-63,Adventure,NA,Wolfgang Reitherman,Black Bart,Thurl Ravenscroft,153870834.0
The Sword in the Stone,25-Dec-63,Adventure,NA,Wolfgang Reitherman,Madam Mim,Martha Wentworth,153870834.0
The Sword in the Stone,25-Dec-63,Adventure,NA,Wolfgang Reitherman,Merlin,Karl Swenson,153870834.0
The Sword in the Stone,25-Dec-63,Adventure,NA,Wolfgang Reitherman,Sir Ector,Sebastian Cabot,153870834.0
The Sword in the Stone,25-Dec-63,Adventure,NA,Wolfgang Reitherman,Sir Kay,Norman Alden,153870834.0
The Sword in the Stone,25-Dec-63,Adventure,NA,Wolfgang Reitherman,Sir Pellinore,Alan Napier,153870834.0
Mr. Holland's Opus,29-Dec-95,Drama,PG,Stephen Herek,NA,NA,157508868.0
The Rescuers Down Under,16-Nov-90,Adventure,G,Mike Gabriel,Cody,Adam Ryen,55796728.0
The Rescuers Down Under,16-Nov-90,Adventure,G,Mike Gabriel,Doctor Mouse,Bernard Fox,55796728.0
The Rescuers Down Under,16-Nov-90,Adventure,G,Mike Gabriel,Faloo,Carla Meyer,55796728.0
The Rescuers Down Under,16-Nov-90,Adventure,G,Mike Gabriel,Francois,Ed Gilbert,55796728.0
The Rescuers Down Under,16-Nov-90,Adventure,G,Mike Gabriel,Frank,Wayne Robson,55796728.0
The Rescuers Down Under,16-Nov-90,Adventure,G,Mike Gabriel,Jake,Tristan Rogers,55796728.0
The Rescuers Down Under,16-Nov-90,Adventure,G,Mike Gabriel,Krebbs,Douglas Seale,55796728.0
The Rescuers Down Under,16-Nov-90,Adventure,G,Mike Gabriel,Marahute,Frank Welker,55796728.0
The Rescuers Down Under,16-Nov-90,Adventure,G,Mike Gabriel,Nurse Mouse,Russi Taylor,55796728.0
The Rescuers Down Under,16-Nov-90,Adventure,G,Mike Gabriel,Percival C. McLeach,George C. Scott,55796728.0
The Rescuers Down Under,16-Nov-90,Adventure,G,Mike Gabriel,Red,Peter Firth,55796728.0
The Rescuers Down Under,16-Nov-90,Adventure,G,Mike Gabriel,Wilbur,John Candy,55796728.0
The Preacher's Wife,13-Dec-96,Drama,PG,Penny Marshall,NA,NA,91076877.0
Sarafina!,18-Sep-92,Drama,PG-13,Darrell James Roodt,NA,NA,14841352.0
Trenchcoat,11-Mar-83,Comedy,NA,Michael Tuchner,NA,NA,11519089.0
Confessions of a Teenage Drama Queen,20-Feb-04,Comedy,PG,Sara Sugarman,NA,NA,39816568.0
Around the World in 80 Days,16-Jun-04,Adventure,PG,Frank Coraci,NA,NA,32585356.0
Blaze,13-Dec-89,Drama,R,Ethan Hawke,NA,NA,39884640.0
Toy Story,22-Nov-95,Adventure,G,John Lasseter,NA,NA,370409631.0
Prince of Persia: Sands of Time,28-May-10,Action,PG-13,Mike Newell,NA,NA,96971361.0
Eddie,31-May-96,Comedy,PG-13,Dexter Fletcher,NA,NA,59828966.0
White Fang 2: Myth of the White Wolf,15-Apr-94,Adventure,PG,Ken Olin,NA,NA,18083994.0
White Squall,2-Feb-96,Adventure,PG-13,Ridley Scott,NA,NA,19509726.0
The Invisible,27-Apr-07,Thriller/Suspense,PG-13,Leigh Whannell,NA,NA,25202168.0
Guilty as Sin,4-Jun-93,Thriller/Suspense,R,Sidney Lumet,NA,NA,46064723.0
Operation Dumbo Drop,28-Jul-95,Adventure,PG,Simon Wincer,NA,NA,47809421.0
Ghosts of the Abyss,11-Apr-03,Documentary,G,James Cameron,NA,NA,23803108.0
Scenes from a Mall,22-Feb-91,Comedy,NA,Paul Mazursky,NA,NA,19149495.0
The BFG,1-Jul-16,Adventure,PG,Steven Spielberg,NA,NA,55483770.0
Tron,9-Jul-82,Action,NA,Joseph Kosinski,NA,NA,77184895.0
Firelight,4-Sep-98,Drama,R,William Nicholson,NA,NA,1409943.0
Delivery Man,22-Nov-13,Comedy,PG-13,Ken Scott,NA,NA,31787136.0
New York Stories,1-Mar-89,Drama,PG,Francis Ford Coppola,NA,NA,22740861.0
Disorganized Crime,14-Apr-89,Comedy,NA,Jim Kouf,NA,NA,15233465.0
Tom and Huck,22-Dec-95,Adventure,PG,Peter Hewitt,NA,NA,45911517.0
Keeping the Faith,14-Apr-00,Romantic Comedy,PG-13,Edward Norton,NA,NA,57925202.0
Grosse Pointe Blank,11-Apr-97,Black Comedy,R,George Armitage,NA,NA,51579764.0
Indian Summer,23-Apr-93,Comedy,R,Mike Binder,NA,NA,29968953.0
The Princess and the Frog,25-Nov-09,Adventure,G,Ron Clements,Buford the Cook,Michael Colyar,116316457.0
The Princess and the Frog,25-Nov-09,Adventure,G,Ron Clements,Charlotte La Bouff,Jennifer Cody,116316457.0
The Princess and the Frog,25-Nov-09,Adventure,G,Ron Clements,Cousin Randy,Randy Newman,116316457.0
The Princess and the Frog,25-Nov-09,Adventure,G,Ron Clements,Dr. Facilier,Keith David,116316457.0
The Princess and the Frog,25-Nov-09,Adventure,G,Ron Clements,"Eli ""Big Daddy"" La Bouff",John Goodman,116316457.0
The Princess and the Frog,25-Nov-09,Adventure,G,Ron Clements,Eudora,Oprah Winfrey,116316457.0
The Princess and the Frog,25-Nov-09,Adventure,G,Ron Clements,Evangaline,None,116316457.0
The Princess and the Frog,25-Nov-09,Adventure,G,Ron Clements,Harvey Fenner,Corey Burton,116316457.0
The Princess and the Frog,25-Nov-09,Adventure,G,Ron Clements,Henry Fenner,Jerry Kernion,116316457.0
The Princess and the Frog,25-Nov-09,Adventure,G,Ron Clements,Ian the Alligator,Kevin Michael Richardson,116316457.0
The Princess and the Frog,25-Nov-09,Adventure,G,Ron Clements,Lawrence the Valet,Peter Bartlett,116316457.0
The Princess and the Frog,25-Nov-09,Adventure,G,Ron Clements,Louis the Alligator,Michael-Leon Wooley,116316457.0
The Princess and the Frog,25-Nov-09,Adventure,G,Ron Clements,Mama Odie,Jenifer Lewis,116316457.0
The Princess and the Frog,25-Nov-09,Adventure,G,Ron Clements,Marlon the Alligator,Emeril Lagasse,116316457.0
The Princess and the Frog,25-Nov-09,Adventure,G,Ron Clements,Prince Naveen,Bruno Campos,116316457.0
The Princess and the Frog,25-Nov-09,Adventure,G,Ron Clements,Ray the Firefly,Jim Cummings,116316457.0
The Princess and the Frog,25-Nov-09,Adventure,G,Ron Clements,Tiana,Anika Noni Rose,116316457.0
The Princess and the Frog,25-Nov-09,Adventure,G,Ron Clements,Two Fingers,Paul Briggs,116316457.0
Billy Bathgate,1-Nov-91,Drama,R,Robert Benton,NA,NA,31167691.0
3 Ninjas Kick Back,6-May-94,Action,PG,Charles T. Kanganis,NA,NA,24267154.0
My Boyfriend's Back,6-Aug-93,NA,PG-13,Bob Balaban,NA,NA,6554384.0
Goal! The Dream Begins,12-May-06,Drama,PG,Danny Cannon,NA,NA,5512647.0
Country,29-Sep-84,Drama,NA,Francis Lee,NA,NA,21075000.0
Big Trouble,5-Apr-02,Comedy,PG-13,Barry Sonnenfeld,NA,NA,10537188.0
People Like Us,29-Jun-12,Drama,PG-13,Alex Kurtzman,NA,NA,13165822.0
Mars Needs Moms,11-Mar-11,Adventure,PG,Simon Wells,NA,NA,22741603.0
Angie,4-Mar-94,Comedy,R,Martha Coolidge,NA,NA,19116981.0
Deuce Bigalow: Male Gigolo,10-Dec-99,Comedy,R,Mike Mitchell,NA,NA,106921374.0
Veronica Guerin,17-Oct-03,Drama,R,Joel Schumacher,NA,NA,2194759.0
Max Keeble's Big Move,5-Oct-01,Comedy,PG,Tim Hill,NA,NA,25749730.0
The Scarlet Letter,13-Oct-95,Drama,R,Roland Joffé,NA,NA,20075033.0
D3: The Mighty Ducks,4-Oct-96,Comedy,PG,Rob Lieberman,NA,NA,43713554.0
Up,29-May-09,Adventure,PG,Darrell Van Citters,NA,NA,329336681.0
Alive,15-Jan-93,Adventure,R,William Brent Bell,NA,NA,73914543.0
Can't Buy Me Love,14-Aug-87,Romantic Comedy,NA,Steve Rash,NA,NA,68181300.0
The Hoax,6-Apr-07,Drama,R,Lasse Hallström,NA,NA,8779196.0
Fantasia,13-Nov-40,Musical,G,full credits,Ben Ali Gator,Jim Cummings,2187090808.0
Fantasia,13-Nov-40,Musical,G,full credits,Chernabog,Corey Burton,2187090808.0
Fantasia,13-Nov-40,Musical,G,full credits,Hyacinth Hippo,Tress MacNeille,2187090808.0
Fantasia,13-Nov-40,Musical,G,full credits,Madame Upanova,Tress MacNeille,2187090808.0
Fantasia,13-Nov-40,Musical,G,full credits,Melinda,None,2187090808.0
Fantasia,13-Nov-40,Musical,G,full credits,Yen Sid,Corey Burton,2187090808.0
Crimson Tide,12-May-95,Action,R,Tony Scott,NA,NA,177102077.0
Ransom,8-Nov-96,Action,R,Ron Howard,NA,NA,259807820.0
Pretty Woman,23-Mar-90,Romantic Comedy,R,Garry Marshall,NA,NA,356389765.0
Inspector Gadget,23-Jul-99,Comedy,PG,David Kellogg,NA,NA,161610341.0
Winnie the Pooh,15-Jul-11,Adventure,G,Stephen J. Anderson,NA,NA,28375869.0
The Tigger Movie,11-Feb-00,Adventure,G,Jun Falkenstein,NA,NA,71228678.0
Heavy Weights,17-Feb-95,Comedy,PG,Steven Brill,NA,NA,34245779.0
What About Bob?,17-May-91,Comedy,PG,Frank Oz,NA,NA,127571325.0
Condorman,7-Aug-81,Action,NA,Charles Jarrott,NA,NA,0.0
The Haunted Mansion,26-Nov-03,Comedy,PG,Rob Minkoff,NA,NA,105775678.0
The Hitchhiker's Guide to the Galaxy,29-Apr-05,Comedy,PG,Garth Jennings,NA,NA,67096891.0
Bedknobs and Broomsticks,7-Oct-71,Musical,NA,Robert Stevenson,Bear,Dal McKennon,91305448.0
Bedknobs and Broomsticks,7-Oct-71,Musical,NA,Robert Stevenson,Codfish,Robert Holt,91305448.0
Bedknobs and Broomsticks,7-Oct-71,Musical,NA,Robert Stevenson,King Leonidas,Lennie Weinrib,91305448.0
Bedknobs and Broomsticks,7-Oct-71,Musical,NA,Robert Stevenson,Secretary Bird,Lennie Weinrib,91305448.0
Pooh's Heffalump Movie,11-Feb-05,Adventure,G,Frank Nissen,Lumpy the Heffalump,Kyle Stanger,23801835.0
Open Range,15-Aug-03,Western,R,Kevin Costner,NA,NA,81547672.0
D.O.A.,18-Mar-88,Thriller/Suspense,NA,Corey Yuen,NA,NA,26062188.0
Meet the Deedles,27-Mar-98,Comedy,PG,Steve Boyum,NA,NA,7829877.0
A Beautiful Planet,29-Apr-16,Documentary,G,Toni Myers,NA,NA,7895708.0
Sister Act,29-May-92,Comedy,PG,Emile Ardolino,NA,NA,283583472.0
Strange Magic,23-Jan-15,Adventure,PG,Gary Rydstrom,NA,NA,12429583.0
The Many Adventures of Winnie the Pooh,11-Mar-77,NA,NA,Wolfgang Reitherman,NA,NA,0.0
Quiz Show,14-Sep-94,Drama,PG-13,Robert Redford,NA,NA,50840394.0
While You Were Sleeping,21-Apr-95,Romantic Comedy,PG,Jon Turteltaub,NA,NA,157082900.0
Bedtime Stories,25-Dec-08,Comedy,PG,Adam Shankman,NA,NA,128039679.0
"The Chronicles of Narnia: The Lion, t…",9-Dec-05,Adventure,PG,NA,NA,NA,381557539.0
Instinct,4-Jun-99,Drama,R,Paul Verhoeven,NA,NA,56595842.0
Step Up,11-Aug-06,Drama,PG-13,Anne Fletcher,NA,NA,84078780.0
G.I. Jane,22-Aug-97,Drama,R,Ridley Scott,NA,NA,88467531.0
Oscar,26-Apr-91,Comedy,PG,Éric-Emmanuel Schmitt,NA,NA,47181395.0
The Parent Trap,29-Jul-98,Comedy,PG,Nancy Meyers,NA,NA,119185667.0
Primeval,12-Jan-07,Adventure,R,Michael Katleman,NA,NA,12985302.0
The Lone Ranger,2-Jul-13,Western,PG-13,Gore Verbinski,NA,NA,92597388.0
"Monsters, Inc.",2-Nov-01,Adventure,G,Pete Docter,NA,NA,416073179.0
Reign of Fire,19-Feb-02,Action,PG-13,Rob Bowman,NA,NA,62480631.0
Running Brave,4-Nov-83,Drama,NA,Donald Shebib,NA,NA,3223725.0
Dinosaur,19-May-00,Adventure,PG,Ralph Zondag,Aladar,D. B. Sweeney,215438985.0
Dinosaur,19-May-00,Adventure,PG,Ralph Zondag,Baylene,Joan Plowright,215438985.0
Dinosaur,19-May-00,Adventure,PG,Ralph Zondag,Bruton,Peter Siragusa,215438985.0
Dinosaur,19-May-00,Adventure,PG,Ralph Zondag,Eema,Della Reese,215438985.0
Dinosaur,19-May-00,Adventure,PG,Ralph Zondag,Kron,Samuel E. Wright,215438985.0
Dinosaur,19-May-00,Adventure,PG,Ralph Zondag,Neera,Julianna Margulies,215438985.0
Dinosaur,19-May-00,Adventure,PG,Ralph Zondag,Plio,Alfre Woodard,215438985.0
Dinosaur,19-May-00,Adventure,PG,Ralph Zondag,Suri,Hayden Panettiere,215438985.0
Dinosaur,19-May-00,Adventure,PG,Ralph Zondag,Url,None,215438985.0
Dinosaur,19-May-00,Adventure,PG,Ralph Zondag,Yar,Ossie Davis,215438985.0
Dinosaur,19-May-00,Adventure,PG,Ralph Zondag,Zini,Max Casella,215438985.0
Rushmore,11-Dec-98,Black Comedy,R,Wes Anderson,NA,NA,28392518.0
Freaky Friday,21-Jan-77,Comedy,NA,Mark Waters,NA,NA,98067733.0
The 13th Warrior,27-Aug-99,Action,R,John McTiernan,NA,NA,54262148.0
Brave,22-Jun-12,Adventure,PG,Brenda Chapman,NA,NA,251292441.0
Eight Below,17-Feb-06,Adventure,PG,Frank Marshall,NA,NA,105037235.0
Gake no ue no Ponyo,14-Aug-09,Adventure,G,Hayao Miyazaki,NA,NA,16961607.0
Queen of Katwe,23-Sep-16,Drama,PG,Mira Nair,NA,NA,8874389.0
Straight Talk,3-Apr-92,Comedy,PG,Barnet Kellman,NA,NA,43068356.0
Holy Man,9-Oct-98,Comedy,PG,Stephen Herek,NA,NA,21694605.0
The Sorcerer's Apprentice,14-Jul-10,Adventure,PG,Jon Turteltaub,NA,NA,67473105.0
Stella,2-Feb-90,Drama,PG-13,Thomas Sieben,NA,NA,40077147.0
An American Werewolf in Paris,25-Dec-97,Horror,R,Anthony Waller,NA,NA,48546161.0
The Mighty Ducks,2-Oct-92,Comedy,PG,Stephen Herek,NA,NA,103120810.0
Tall Tale,24-Mar-95,Western,PG,Jeremiah S. Chechik,NA,NA,15983331.0
Tangled,24-Nov-10,Adventure,PG,Nathan Greno,Flynn Rider,Zachary Levi,214388548.0
Tangled,24-Nov-10,Adventure,PG,Nathan Greno,Hook Hand,Brad Garrett,214388548.0
Tangled,24-Nov-10,Adventure,PG,Nathan Greno,Maximus,None,214388548.0
Tangled,24-Nov-10,Adventure,PG,Nathan Greno,Mother Gothel,Donna Murphy,214388548.0
Tangled,24-Nov-10,Adventure,PG,Nathan Greno,Pascal,Frank Welker,214388548.0
Tangled,24-Nov-10,Adventure,PG,Nathan Greno,Rapunzel,Mandy Moore,214388548.0
Tangled,24-Nov-10,Adventure,PG,Nathan Greno,Stabbington Brothers,Ron Perlman,214388548.0
Ed Wood,30-Sep-94,Comedy,R,Tim Burton,NA,NA,12042634.0
The Jerky Boys,3-Feb-95,Comedy,R,James Melkonian,NA,NA,14641561.0
The Rich Man's Wife,13-Sep-96,Thriller/Suspense,R,Amy Holden Jones,NA,NA,16284619.0
"20,000 Leagues Under the Sea",23-Dec-54,Adventure,NA,NA,NA,NA,528279994.0
Super Mario Bros.,28-May-93,Action,PG,Annabel Jankel,NA,NA,42445058.0
The Proposal,19-Jun-09,Romantic Comedy,PG-13,Anne Fletcher,NA,NA,184288829.0
Race to Witch Mountain,13-Mar-09,Adventure,PG,Andy Fickman,NA,NA,75501997.0
The Adventures of Huck Finn,2-Apr-93,Adventure,PG,Stephen Sommers,NA,NA,49080505.0
Jefferson in Paris,31-Mar-95,Drama,PG-13,James Ivory,NA,NA,4770461.0
The Jungle Book,15-Apr-16,Adventure,PG,Wolfgang Reitherman,NA,NA,364001123.0
The Jungle Book,18-Oct-67,Musical,Not Rated,Wolfgang Reitherman,NA,NA,789612346.0
Sky High,29-Jul-05,Adventure,PG,Mike Mitchell,NA,NA,84088854.0
Toy Story 2,19-Nov-99,Adventure,G,John Lasseter,NA,NA,404450426.0
The Rescuers,22-Jun-77,Adventure,NA,Wolfgang Reitherman,Bernard,Bob Newheart,159743914.0
The Rescuers,22-Jun-77,Adventure,NA,Wolfgang Reitherman,Brutus and Nero,Candy Candido,159743914.0
The Rescuers,22-Jun-77,Adventure,NA,Wolfgang Reitherman,Chair Mouse,Bernard Fox,159743914.0
The Rescuers,22-Jun-77,Adventure,NA,Wolfgang Reitherman,Digger the Mole,Dub Taylor,159743914.0
The Rescuers,22-Jun-77,Adventure,NA,Wolfgang Reitherman,Ellie Mae,Jeanette Nolan,159743914.0
The Rescuers,22-Jun-77,Adventure,NA,Wolfgang Reitherman,Evinrude,Jimmy MacDonald,159743914.0
The Rescuers,22-Jun-77,Adventure,NA,Wolfgang Reitherman,Gramps,Larry Clemmons,159743914.0
The Rescuers,22-Jun-77,Adventure,NA,Wolfgang Reitherman,Luke,Pat Buttram,159743914.0
The Rescuers,22-Jun-77,Adventure,NA,Wolfgang Reitherman,Madame Medusa,Geraldine Page,159743914.0
The Rescuers,22-Jun-77,Adventure,NA,Wolfgang Reitherman,Miss Bianca,Eva Gabor,159743914.0
The Rescuers,22-Jun-77,Adventure,NA,Wolfgang Reitherman,Mr. Snoops,Joe Flynn,159743914.0
The Rescuers,22-Jun-77,Adventure,NA,Wolfgang Reitherman,Orville,Jim Jordan,159743914.0
The Rescuers,22-Jun-77,Adventure,NA,Wolfgang Reitherman,Penny,Michelle Stacy,159743914.0
The Rescuers,22-Jun-77,Adventure,NA,Wolfgang Reitherman,Rufus,John McIntire,159743914.0
Remember the Titans,29-Sep-00,Drama,PG,Boaz Yakin,NA,NA,180742479.0
A Lot Like Love,22-Apr-05,Comedy,PG-13,Nigel Cole,NA,NA,28716947.0
3 Ninjas,7-Aug-92,Action,PG,Jon Turteltaub,NA,NA,58965304.0
Flight of the Navigator,30-Jul-86,Adventure,NA,Randal Kleiser,NA,NA,42183197.0
America's Heart and Soul,2-Jul-04,Documentary,Not Rated,Louis Schwartsberg,NA,NA,426246.0
Swing Vote,1-Aug-08,Comedy,PG-13,Joshua Michael Stern,NA,NA,19125841.0
The Straight Story,15-Oct-99,Drama,G,David Lynch,NA,NA,10111144.0
The Kid,7-Jul-00,Comedy,PG,Jon Turteltaub,NA,NA,108993148.0
Enchanted,21-Nov-07,Romantic Comedy,PG,Kevin Lima,Giselle,Amy Adams,156074310.0
Enchanted,21-Nov-07,Romantic Comedy,PG,Kevin Lima,Nancy Tremaine,Idina Menzel,156074310.0
Enchanted,21-Nov-07,Romantic Comedy,PG,Kevin Lima,Nathaniel,Timothy Spall,156074310.0
Enchanted,21-Nov-07,Romantic Comedy,PG,Kevin Lima,Pip,Jeff Bennett; Kevin Lima,156074310.0
Enchanted,21-Nov-07,Romantic Comedy,PG,Kevin Lima,Prince Edward,James Marsden,156074310.0
Enchanted,21-Nov-07,Romantic Comedy,PG,Kevin Lima,Queen Narissa,Susan Sarandon,156074310.0
Zootopia,4-Mar-16,Adventure,PG,Byron Howard,Assistant Mayor Dawn Bellwether,Jenny Slate,341268248.0
Zootopia,4-Mar-16,Adventure,PG,Byron Howard,Benjamin Clawhauser,Nate Torrence,341268248.0
Zootopia,4-Mar-16,Adventure,PG,Byron Howard,Bonnie Hopps,Bonnie Hunt,341268248.0
Zootopia,4-Mar-16,Adventure,PG,Byron Howard,Bucky Oryx-Antlerson,Byron Howard,341268248.0
Zootopia,4-Mar-16,Adventure,PG,Byron Howard,Chief Bogo,Idris Elba,341268248.0
Zootopia,4-Mar-16,Adventure,PG,Byron Howard,Doug Ramses,Rich Moore,341268248.0
Zootopia,4-Mar-16,Adventure,PG,Byron Howard,Duke Weaselton,Alan Tudyk,341268248.0
Zootopia,4-Mar-16,Adventure,PG,Byron Howard,Emmitt Otterton,None,341268248.0
Zootopia,4-Mar-16,Adventure,PG,Byron Howard,Finnick,"Tommy ""Tiny"" Lister Jr.",341268248.0
Zootopia,4-Mar-16,Adventure,PG,Byron Howard,Flash Slothmore,Raymond S. Persi,341268248.0
Zootopia,4-Mar-16,Adventure,PG,Byron Howard,Gazelle,Shakira,341268248.0
Zootopia,4-Mar-16,Adventure,PG,Byron Howard,Jerry Jumbeaux Jr.,John DiMaggio,341268248.0
Zootopia,4-Mar-16,Adventure,PG,Byron Howard,Jesse the Ram,John DiMaggio,341268248.0
Zootopia,4-Mar-16,Adventure,PG,Byron Howard,Judy Hopps,Ginnifer Goodwin,341268248.0
Zootopia,4-Mar-16,Adventure,PG,Byron Howard,Mayor Lionheart,J.K. Simmons,341268248.0
Zootopia,4-Mar-16,Adventure,PG,Byron Howard,Mr. Big,Maurice LaMarche,341268248.0
Zootopia,4-Mar-16,Adventure,PG,Byron Howard,Mrs. Otterton,Octavia Spencer,341268248.0
Zootopia,4-Mar-16,Adventure,PG,Byron Howard,"Nicholas ""Nick"" P. Wilde",Jason Bateman,341268248.0
Zootopia,4-Mar-16,Adventure,PG,Byron Howard,Pronk Oryx-Antlerson,Jared Bush,341268248.0
Zootopia,4-Mar-16,Adventure,PG,Byron Howard,Stu Hopps,Don Lake,341268248.0
Zootopia,4-Mar-16,Adventure,PG,Byron Howard,Woolter the Ram,John DiMaggio,341268248.0
Zootopia,4-Mar-16,Adventure,PG,Byron Howard,Yax,Tommy Chong,341268248.0
I'll Be Home For Christmas,13-Nov-98,Comedy,PG,James Brolin,NA,NA,21941840.0
The War at Home,20-Nov-96,NA,R,Emilio Estevez,NA,NA,65543.0
Peter Pan: Return to Neverland,15-Feb-02,Adventure,G,Robin Budd,NA,NA,70269715.0
Ratatouille,29-Jun-07,Comedy,G,Brad Bird,NA,NA,252955933.0
Secretariat,8-Oct-10,Drama,PG,Randall Wallace,NA,NA,63781920.0
Medicine Man,7-Feb-92,Drama,PG-13,John McTiernan,NA,NA,91304495.0
A Thousand Acres,19-Sep-97,Drama,R,Jocelyn Moorhouse,NA,NA,14561324.0
Mission to Mars,10-Mar-00,Adventure,PG,Brian De Palma,NA,NA,95208344.0
Brother Bear,24-Oct-03,Adventure,G,Robert Walker,Denahi,Jason Raize,119218333.0
Brother Bear,24-Oct-03,Adventure,G,Robert Walker,Kenai,Joaquin Phoenix,119218333.0
Brother Bear,24-Oct-03,Adventure,G,Robert Walker,Koda,Jeremy Suarez,119218333.0
Brother Bear,24-Oct-03,Adventure,G,Robert Walker,Rutt and Tuke,Rick Moranis; Dave Thomas,119218333.0
Brother Bear,24-Oct-03,Adventure,G,Robert Walker,Sitka,D. B. Sweeney,119218333.0
Brother Bear,24-Oct-03,Adventure,G,Robert Walker,Tanana,Joan Copeland,119218333.0
Brother Bear,24-Oct-03,Adventure,G,Robert Walker,Tug,Michael Clarke Duncan,119218333.0
Snow White and the Seven Dwarfs,21-Dec-37,Musical,G,David Hand,Bashful,Scotty Mattraw,5228953251.0
Snow White and the Seven Dwarfs,21-Dec-37,Musical,G,David Hand,Doc,Roy Atwell,5228953251.0
Snow White and the Seven Dwarfs,21-Dec-37,Musical,G,David Hand,Dopey,Eddie Collins,5228953251.0
Snow White and the Seven Dwarfs,21-Dec-37,Musical,G,David Hand,Grumpy,Pinto Colvig,5228953251.0
Snow White and the Seven Dwarfs,21-Dec-37,Musical,G,David Hand,Happy,Otis Harlan,5228953251.0
Snow White and the Seven Dwarfs,21-Dec-37,Musical,G,David Hand,Humbert the Huntsman,Stuart Buchanan,5228953251.0
Snow White and the Seven Dwarfs,21-Dec-37,Musical,G,David Hand,The Magic Mirror,Moroni Olsen,5228953251.0
Snow White and the Seven Dwarfs,21-Dec-37,Musical,G,David Hand,Prince,Harry Stockwell,5228953251.0
Snow White and the Seven Dwarfs,21-Dec-37,Musical,G,David Hand,Queen Grimhilde,Lucille La Verne,5228953251.0
Snow White and the Seven Dwarfs,21-Dec-37,Musical,G,David Hand,Sleepy,Pinto Colvig,5228953251.0
Snow White and the Seven Dwarfs,21-Dec-37,Musical,G,David Hand,Sneezy,Billy Gilbert,5228953251.0
Snow White and the Seven Dwarfs,21-Dec-37,Musical,G,David Hand,Snow White,Adriana Caselotti,5228953251.0
Toy Story 3,18-Jun-10,Adventure,G,Lee Unkrich,NA,NA,443408255.0
Miracle,6-Feb-04,Drama,PG,T.C. Christensen,NA,NA,87392478.0
My Favorite Martian,12-Feb-99,Comedy,PG,Donald Petrie,NA,NA,61150849.0
Benji the Hunted,5-Jun-87,Adventure,NA,Joe Camp,NA,NA,32798382.0
A Far Off Place,12-Mar-93,Adventure,PG,Mikael Salomon,NA,NA,26248558.0
Old Dogs,25-Nov-09,Comedy,PG,Walt Becker,NA,NA,55503929.0
Alice in Wonderland,5-Mar-10,Adventure,PG,Clyde Geronimi,Alice,Kathryn Beaumont,357063499.0
Alice in Wonderland,5-Mar-10,Adventure,PG,Clyde Geronimi,Alice's Sister,Heather Angel,357063499.0
Alice in Wonderland,5-Mar-10,Adventure,PG,Clyde Geronimi,Bill the Lizard,Larry Grey,357063499.0
Alice in Wonderland,5-Mar-10,Adventure,PG,Clyde Geronimi,The Carpenter,J. Pat O'Malley,357063499.0
Alice in Wonderland,5-Mar-10,Adventure,PG,Clyde Geronimi,The Caterpillar,Richard Haydn,357063499.0
Alice in Wonderland,5-Mar-10,Adventure,PG,Clyde Geronimi,Cheshire Cat,Sterling Holloway,357063499.0
Alice in Wonderland,5-Mar-10,Adventure,PG,Clyde Geronimi,Dinah the Cat,None,357063499.0
Alice in Wonderland,5-Mar-10,Adventure,PG,Clyde Geronimi,The Dodo,Bill Thompson,357063499.0
Alice in Wonderland,5-Mar-10,Adventure,PG,Clyde Geronimi,The Doorknob,Joseph Kearns,357063499.0
Alice in Wonderland,5-Mar-10,Adventure,PG,Clyde Geronimi,The Dormouse,Jimmy MacDonald,357063499.0
Alice in Wonderland,5-Mar-10,Adventure,PG,Clyde Geronimi,The King of Hearts,Dink Trout,357063499.0
Alice in Wonderland,5-Mar-10,Adventure,PG,Clyde Geronimi,Mad Hatter,Ed Wynn,357063499.0
Alice in Wonderland,5-Mar-10,Adventure,PG,Clyde Geronimi,March Hare,Jerry Colonna,357063499.0
Alice in Wonderland,5-Mar-10,Adventure,PG,Clyde Geronimi,The Queen of Hearts,Verna Felton,357063499.0
Alice in Wonderland,5-Mar-10,Adventure,PG,Clyde Geronimi,The Rose,Doris Lloyd,357063499.0
Alice in Wonderland,5-Mar-10,Adventure,PG,Clyde Geronimi,Tweedledum and Tweedledee,J. Pat O'Malley,357063499.0
Alice in Wonderland,5-Mar-10,Adventure,PG,Clyde Geronimi,The Walrus,J. Pat O'Malley,357063499.0
Alice in Wonderland,5-Mar-10,Adventure,PG,Clyde Geronimi,White Rabbit,Bill Thompson,357063499.0
The Little Mermaid,15-Nov-89,Adventure,G,Ron Clements,Adella,Sherry Lynn,223726012.0
The Little Mermaid,15-Nov-89,Adventure,G,Ron Clements,Alana,Kimmy Robertson,223726012.0
The Little Mermaid,15-Nov-89,Adventure,G,Ron Clements,Andrina,Tara Strong,223726012.0
The Little Mermaid,15-Nov-89,Adventure,G,Ron Clements,Aquata,Grey DeLisle; Mona Marshall,223726012.0
The Little Mermaid,15-Nov-89,Adventure,G,Ron Clements,Ariel,Jodi Benson,223726012.0
The Little Mermaid,15-Nov-89,Adventure,G,Ron Clements,Arista,Kimmy Robertson,223726012.0
The Little Mermaid,15-Nov-89,Adventure,G,Ron Clements,Attina,Kari Wahlgren,223726012.0
The Little Mermaid,15-Nov-89,Adventure,G,Ron Clements,Carlotta the Maid,Edie McClurg,223726012.0
The Little Mermaid,15-Nov-89,Adventure,G,Ron Clements,Chef Louis,Rene Auberjonois,223726012.0
The Little Mermaid,15-Nov-89,Adventure,G,Ron Clements,Flotsam and Jetsam,Paddi Edwards,223726012.0
The Little Mermaid,15-Nov-89,Adventure,G,Ron Clements,Flounder,Jason Marin,223726012.0
The Little Mermaid,15-Nov-89,Adventure,G,Ron Clements,Grimsby,Ben Wright,223726012.0
The Little Mermaid,15-Nov-89,Adventure,G,Ron Clements,Harold the Seahorse,Will Ryan,223726012.0
The Little Mermaid,15-Nov-89,Adventure,G,Ron Clements,King Triton,Kenneth Mars,223726012.0
The Little Mermaid,15-Nov-89,Adventure,G,Ron Clements,Max the Sheepdog,Frank Welker,223726012.0
The Little Mermaid,15-Nov-89,Adventure,G,Ron Clements,Prince Eric,Christopher Daniel Barnes,223726012.0
The Little Mermaid,15-Nov-89,Adventure,G,Ron Clements,Scuttle,Buddy Hackett,223726012.0
The Little Mermaid,15-Nov-89,Adventure,G,Ron Clements,Sebastian,Samuel E. Wright,223726012.0
The Little Mermaid,15-Nov-89,Adventure,G,Ron Clements,Ursula,Pat Carroll,223726012.0
The Little Mermaid,15-Nov-89,Adventure,G,Ron Clements,Vanessa (The Little Mermaid),Pat Carroll; Jodi Benson,223726012.0
Stick It,28-Apr-06,Comedy,PG-13,Jessica Bendinger,NA,NA,34634731.0
Funny Bones,31-Mar-95,Comedy,R,Peter Chelsom,NA,NA,1025425.0
Cars,9-Jun-06,Comedy,G,John Lasseter,NA,NA,314140384.0
Bicentennial Man,17-Dec-99,Drama,PG,Chris Columbus,NA,NA,94838225.0
Chimpanzee,20-Apr-12,Documentary,G,Alastair Fothergill,NA,NA,30675725.0
The Apple Dumpling Gang,1-Jul-75,Comedy,NA,Norman Tokar,NA,NA,131246872.0
The Other Sister,26-Feb-99,Romantic Comedy,PG-13,Garry Marshall,NA,NA,46145331.0
A Simple Twist of Fate,2-Sep-94,Drama,PG-13,Gillies MacKinnon,NA,NA,7035189.0
Where the Heart Is,23-Feb-90,Comedy,NA,Matt Williams,NA,NA,2210321.0
Kaze Tachinu,8-Nov-13,Drama,PG-13,Mitsuo Wakasugi,NA,NA,5367415.0
Off Beat,11-Apr-86,Comedy,NA,Michael Dinner,NA,NA,11003932.0
The Greatest Game Ever Played,30-Sep-05,Drama,PG,Bill Paxton,NA,NA,20162672.0
The Three Musketeers,12-Nov-93,Adventure,PG,William Lau,NA,NA,109310377.0
A Civil Action,25-Dec-98,Drama,PG-13,Steven Zaillian,NA,NA,94139530.0
Walt and El Grupo,10-Sep-09,Documentary,PG,Theodore Thomas,NA,NA,23064.0
Powder,27-Oct-95,Drama,PG-13,Victor Salva,NA,NA,59727216.0
1492: Conquest of Paradise,9-Oct-92,Adventure,PG-13,Ridley Scott,NA,NA,14421454.0
The Cemetery Club,3-Feb-93,Comedy,PG-13,Bill Duke,NA,NA,11369541.0
Stay Alive,24-Mar-06,Horror,PG-13,William Brent Bell,NA,NA,29712825.0
That Darn Cat,14-Feb-97,Comedy,PG,Robert Stevenson,NA,NA,33613158.0
The Muppet Christmas Carol,11-Dec-92,Comedy,G,Brian Henson,NA,NA,55417615.0
Step Up 2 the Streets,14-Feb-08,Drama,PG-13,Jon M. Chu,NA,NA,68118371.0
Fantasia 2000 (Theatrical Release),16-Jun-00,Musical,G,NA,NA,NA,14238144.0
The Santa Clause 2,1-Nov-02,Comedy,G,Michael Lembeck,NA,NA,201959095.0
The Recruit,31-Jan-03,Thriller/Suspense,PG-13,Roger Donaldson,NA,NA,73793522.0
Money for Nothing,10-Sep-93,Comedy,R,Ramón Menéndez,NA,NA,2127496.0
Bad Company,20-Jan-95,Thriller/Suspense,R,Joel Schumacher,NA,NA,6829092.0
Bad Company,7-Jun-02,Action,PG-13,Joel Schumacher,NA,NA,43756218.0
I Love Trouble,29-Jun-94,Romantic Comedy,PG,Charles Shyer,NA,NA,63651027.0
The Absent Minded Professor,16-Mar-61,Comedy,NA,Robert Stevenson,NA,NA,310094574.0
Jungle 2 Jungle,7-Mar-97,Comedy,PG,John Pasquin,NA,NA,110058379.0
Tex,19-Nov-82,Drama,NA,Tim Hunter,NA,NA,20643199.0
Life With Mikey,4-Jun-93,Comedy,PG,James Lapine,NA,NA,25146538.0
Gone Fishin',30-May-97,Comedy,PG,Christopher Cain,NA,NA,36265379.0
Rogue One: A Star Wars Story,16-Dec-16,Adventure,PG-13,Gareth Edwards,NA,NA,529483936.0
The Marrying Man,5-Apr-91,Romantic Comedy,R,Jerry Rees,NA,NA,24939118.0
Bubble Boy,24-Aug-01,Comedy,PG-13,Blair Hayes,NA,NA,7450434.0
Baby: Secret of the Lost Legend,22-Mar-85,Adventure,NA,Bill L. Norton,NA,NA,33900697.0
The Fox and the Hound,10-Jul-81,Comedy,NA,Art Stevens,Amos Slade,Jack Albertson,133118889.0
The Fox and the Hound,10-Jul-81,Comedy,NA,Art Stevens,Big Mama,Pearl Bailey,133118889.0
The Fox and the Hound,10-Jul-81,Comedy,NA,Art Stevens,Boomer,Paul Winchell,133118889.0
The Fox and the Hound,10-Jul-81,Comedy,NA,Art Stevens,Chief,Pat Buttram,133118889.0
The Fox and the Hound,10-Jul-81,Comedy,NA,Art Stevens,Copper,Corey Feldman; Kurt Russell,133118889.0
The Fox and the Hound,10-Jul-81,Comedy,NA,Art Stevens,Dinky,Richard Bakalyan,133118889.0
The Fox and the Hound,10-Jul-81,Comedy,NA,Art Stevens,Squeaks the Caterpillar,None,133118889.0
The Fox and the Hound,10-Jul-81,Comedy,NA,Art Stevens,Tod,Keith Coogan; Mickey Rooney,133118889.0
The Fox and the Hound,10-Jul-81,Comedy,NA,Art Stevens,Vixey,Sandy Duncan,133118889.0
The Fox and the Hound,10-Jul-81,Comedy,NA,Art Stevens,Widow Tweed,Jeanette Nolan,133118889.0
High Heels and Low Lifes,26-Oct-01,NA,R,Mel Smith,NA,NA,337782.0
The Tie That Binds,8-Sep-95,Thriller/Suspense,R,Wesley Strick,NA,NA,11167895.0
John Carter,9-Mar-12,Adventure,PG-13,Andrew Stanton,NA,NA,77372445.0
Blank Check,11-Feb-94,Comedy,PG,Rupert Wainwright,NA,NA,63170804.0
Guardians of the Galaxy,1-Aug-14,Adventure,PG-13,James Gunn,NA,NA,343771168.0
Star Wars Ep. VII: The Force Awakens,18-Dec-15,Adventure,PG-13,NA,NA,NA,936662225.0
A Goofy Movie,7-Apr-95,Comedy,G,Kevin Lima,Powerline,Tevin Campbell,68479579.0
A Goofy Movie,7-Apr-95,Comedy,G,Kevin Lima,Principal Mazur,Wallace Shawn,68479579.0
A Goofy Movie,7-Apr-95,Comedy,G,Kevin Lima,"Robert ""Bobby"" Zimmeruski",Pauly Shore,68479579.0
A Goofy Movie,7-Apr-95,Comedy,G,Kevin Lima,Roxanne,Kellie Martin,68479579.0
Hocus Pocus,16-Jul-93,Comedy,PG,Kenny Ortega,NA,NA,80147079.0
Pete’s Dragon,12-Aug-16,Adventure,PG,David Lowery,NA,NA,76233151.0
Night Crossing,5-Feb-82,Drama,NA,Delbert Mann,NA,NA,12903059.0
Lilo & Stitch,21-Jun-02,Adventure,PG,Chris Sanders,Agent Wendy Pleakley,Kevin McDonald,211506702.0
Lilo & Stitch,21-Jun-02,Adventure,PG,Chris Sanders,Cobra Bubbles,Ving Rhames,211506702.0
Lilo & Stitch,21-Jun-02,Adventure,PG,Chris Sanders,David Kawena,Jason Scott Lee,211506702.0
Lilo & Stitch,21-Jun-02,Adventure,PG,Chris Sanders,Dr. Jumba Jookiba,David Ogden Stiers,211506702.0
Lilo & Stitch,21-Jun-02,Adventure,PG,Chris Sanders,Captain Gantu,Kevin Michael Richardson,211506702.0
Lilo & Stitch,21-Jun-02,Adventure,PG,Chris Sanders,Grand Councilwoman,Zoe Caldwell,211506702.0
Lilo & Stitch,21-Jun-02,Adventure,PG,Chris Sanders,Lilo Pelekai,Daveigh Chase,211506702.0
Lilo & Stitch,21-Jun-02,Adventure,PG,Chris Sanders,Mrs. Hasagawa,Amy Hill,211506702.0
Lilo & Stitch,21-Jun-02,Adventure,PG,Chris Sanders,Myrtle Edmonds,Miranda Paige Walls; Liliana Mumy,211506702.0
Lilo & Stitch,21-Jun-02,Adventure,PG,Chris Sanders,Nani Pelekai,Tia Carrere,211506702.0
Lilo & Stitch,21-Jun-02,Adventure,PG,Chris Sanders,Stitch,Chris Sanders,211506702.0
Metro,17-Jan-97,Action,R,Thomas Carter,NA,NA,58804106.0
National Treasure,19-Nov-04,Adventure,PG,Jon Turteltaub,NA,NA,234069353.0
Shanghai Noon,26-May-00,Western,PG-13,Tom Dey,NA,NA,89042541.0
Dangerous Minds,11-Aug-95,Drama,R,John N. Smith,NA,NA,164552293.0
The Distinguished Gentleman,4-Dec-92,Comedy,R,Jonathan Lynn,NA,NA,94349900.0
The Secret World of Arietty,17-Feb-12,Adventure,G,NA,NA,NA,20325733.0
The Princess Diaries,3-Aug-01,Comedy,G,Garry Marshall,NA,NA,161218928.0
Step Up 3D,6-Aug-10,Drama,PG-13,Jon M. Chu,NA,NA,45302137.0
Underdog,3-Aug-07,Adventure,PG,Jon Erwin,NA,NA,53619462.0
Red Rock West,28-Jan-94,NA,R,John Dahl,NA,NA,5170709.0
Captain America: Civil War,6-May-16,Action,PG-13,Anthony Russo,NA,NA,408084349.0
Mr. Wrong,16-Feb-96,Romantic Comedy,PG-13,Nick Castle,NA,NA,24422334.0
Nixon,20-Dec-95,Drama,R,Oliver Stone,NA,NA,26302005.0
The Ref,9-Mar-94,Comedy,R,Ted Demme,NA,NA,23401275.0
The Santa Clause 3: The Escape Clause,3-Nov-06,Comedy,G,Michael Lembeck,NA,NA,108694869.0
Ice Princess,18-Mar-05,Comedy,G,Tim Fywell,NA,NA,32064685.0
King Arthur,7-Jul-04,Adventure,PG-13,Antoine Fuqua,NA,NA,70423706.0
Nothing To Lose,18-Jul-97,Comedy,R,Steve Oedekerk,NA,NA,81692095.0
Herbie: Fully Loaded,22-Jun-05,Comedy,G,Angela Robinson,NA,NA,86812798.0
Father of the Bride,20-Dec-91,Comedy,PG,Charles Shyer,NA,NA,179821881.0
You Again,24-Sep-10,Comedy,PG,Andy Fickman,NA,NA,27461121.0
Treasure Planet,27-Nov-02,Adventure,PG,Ron Clements,B.E.N.,Martin Short,55189145.0
Treasure Planet,27-Nov-02,Adventure,PG,Ron Clements,Billy Bones,Patrick McGoohan,55189145.0
Treasure Planet,27-Nov-02,Adventure,PG,Ron Clements,Captain Amelia,Emma Thompson,55189145.0
Treasure Planet,27-Nov-02,Adventure,PG,Ron Clements,Dr. Doppler,David Hyde Pierce,55189145.0
Treasure Planet,27-Nov-02,Adventure,PG,Ron Clements,Hands,Micheal McShane,55189145.0
Treasure Planet,27-Nov-02,Adventure,PG,Ron Clements,Jim Hawkins,Joseph Gordon-Levitt,55189145.0
Treasure Planet,27-Nov-02,Adventure,PG,Ron Clements,John Silver,Brian Murray,55189145.0
Treasure Planet,27-Nov-02,Adventure,PG,Ron Clements,Morph,Dane A. Davis,55189145.0
Treasure Planet,27-Nov-02,Adventure,PG,Ron Clements,Mr. Arrow,Roscoe Lee Browne,55189145.0
Treasure Planet,27-Nov-02,Adventure,PG,Ron Clements,Onus,Corey Burton,55189145.0
Treasure Planet,27-Nov-02,Adventure,PG,Ron Clements,Sarah Hawkins,Laurie Metcalf,55189145.0
Treasure Planet,27-Nov-02,Adventure,PG,Ron Clements,Scroop,Michael Wincott,55189145.0
The Great Mouse Detective,2-Jul-86,Adventure,NA,Ron Clements,Bartholomew,Barrie Ingham,53637367.0
The Great Mouse Detective,2-Jul-86,Adventure,NA,Ron Clements,Basil of Baker Street,Barrie Ingham,53637367.0
The Great Mouse Detective,2-Jul-86,Adventure,NA,Ron Clements,Dr. David Q. Dawson,Val Bettin,53637367.0
The Great Mouse Detective,2-Jul-86,Adventure,NA,Ron Clements,Felicia the Cat,Frank Welker,53637367.0
The Great Mouse Detective,2-Jul-86,Adventure,NA,Ron Clements,Fidget,Candy Candido,53637367.0
The Great Mouse Detective,2-Jul-86,Adventure,NA,Ron Clements,Hiram Flaversham,Alan Young; Alan Young,53637367.0
The Great Mouse Detective,2-Jul-86,Adventure,NA,Ron Clements,Lady Mouse,Shani Wallis,53637367.0
The Great Mouse Detective,2-Jul-86,Adventure,NA,Ron Clements,Miss Kitty,Melissa Manchester,53637367.0
The Great Mouse Detective,2-Jul-86,Adventure,NA,Ron Clements,Mrs. Judson,Diana Chesney,53637367.0
The Great Mouse Detective,2-Jul-86,Adventure,NA,Ron Clements,Olivia Flaversham,Susanne Pollatschek,53637367.0
The Great Mouse Detective,2-Jul-86,Adventure,NA,Ron Clements,Professor Ratigan,Vincent Price,53637367.0
The Great Mouse Detective,2-Jul-86,Adventure,NA,Ron Clements,Queen Mousetoria,Eve Brenner,53637367.0
The Great Mouse Detective,2-Jul-86,Adventure,NA,Ron Clements,Toby the Dog,Frank Welker,53637367.0
Cinderella,13-Mar-15,Drama,PG,Wilfred Jackson,Anastasia Tremaine,Lucille Bliss,201151353.0
Cinderella,13-Mar-15,Drama,PG,Wilfred Jackson,Bruno the Dog,Jimmy MacDonald; Frank Welker,201151353.0
Cinderella,13-Mar-15,Drama,PG,Wilfred Jackson,Cinderella,Ilene Woods,201151353.0
Cinderella,13-Mar-15,Drama,PG,Wilfred Jackson,The Doorman,Don Barclay,201151353.0
Cinderella,13-Mar-15,Drama,PG,Wilfred Jackson,Drizella Tremaine,Rhoda Williams; Russi Taylor,201151353.0
Cinderella,13-Mar-15,Drama,PG,Wilfred Jackson,Fairy Godmother,Verna Felton; Russi Taylor,201151353.0
Cinderella,13-Mar-15,Drama,PG,Wilfred Jackson,Footman,Larry Grey,201151353.0
Cinderella,13-Mar-15,Drama,PG,Wilfred Jackson,The Grand Duke,Luis Van Rooten; Rob Paulsen,201151353.0
Cinderella,13-Mar-15,Drama,PG,Wilfred Jackson,Gus Lollygagger,Jimmy MacDonald; Corey Burton,201151353.0
Cinderella,13-Mar-15,Drama,PG,Wilfred Jackson,"Jackson ""Jaq"" Hopscotch",Jimmy MacDonald; Rob Paulsen,201151353.0
Cinderella,13-Mar-15,Drama,PG,Wilfred Jackson,The King,Luis Van Rooten,201151353.0
Cinderella,13-Mar-15,Drama,PG,Wilfred Jackson,Lady Tremaine,Eleanor Audley; Susanne Blakeslee,201151353.0
Cinderella,13-Mar-15,Drama,PG,Wilfred Jackson,Lucifer the Cat,June Foray,201151353.0
Cinderella,13-Mar-15,Drama,PG,Wilfred Jackson,Major the Horse,None,201151353.0
Cinderella,13-Mar-15,Drama,PG,Wilfred Jackson,Prince Charming,William Phipps,201151353.0
Cinderella,15-Feb-50,Drama,G,Wilfred Jackson,Anastasia Tremaine,Lucille Bliss,920608730.0
Cinderella,15-Feb-50,Drama,G,Wilfred Jackson,Bruno the Dog,Jimmy MacDonald; Frank Welker,920608730.0
Cinderella,15-Feb-50,Drama,G,Wilfred Jackson,Cinderella,Ilene Woods,920608730.0
Cinderella,15-Feb-50,Drama,G,Wilfred Jackson,The Doorman,Don Barclay,920608730.0
Cinderella,15-Feb-50,Drama,G,Wilfred Jackson,Drizella Tremaine,Rhoda Williams; Russi Taylor,920608730.0
Cinderella,15-Feb-50,Drama,G,Wilfred Jackson,Fairy Godmother,Verna Felton; Russi Taylor,920608730.0
Cinderella,15-Feb-50,Drama,G,Wilfred Jackson,Footman,Larry Grey,920608730.0
Cinderella,15-Feb-50,Drama,G,Wilfred Jackson,The Grand Duke,Luis Van Rooten; Rob Paulsen,920608730.0
Cinderella,15-Feb-50,Drama,G,Wilfred Jackson,Gus Lollygagger,Jimmy MacDonald; Corey Burton,920608730.0
Cinderella,15-Feb-50,Drama,G,Wilfred Jackson,"Jackson ""Jaq"" Hopscotch",Jimmy MacDonald; Rob Paulsen,920608730.0
Cinderella,15-Feb-50,Drama,G,Wilfred Jackson,The King,Luis Van Rooten,920608730.0
Cinderella,15-Feb-50,Drama,G,Wilfred Jackson,Lady Tremaine,Eleanor Audley; Susanne Blakeslee,920608730.0
Cinderella,15-Feb-50,Drama,G,Wilfred Jackson,Lucifer the Cat,June Foray,920608730.0
Cinderella,15-Feb-50,Drama,G,Wilfred Jackson,Major the Horse,None,920608730.0
Cinderella,15-Feb-50,Drama,G,Wilfred Jackson,Prince Charming,William Phipps,920608730.0
Frozen,22-Nov-13,Adventure,PG,Chris Buck,Anna,Kristen Bell,414997174.0
Frozen,22-Nov-13,Adventure,PG,Chris Buck,Duke of Weselton,Alan Tudyk,414997174.0
Frozen,22-Nov-13,Adventure,PG,Chris Buck,Elsa,Idina Menzel,414997174.0
Frozen,22-Nov-13,Adventure,PG,Chris Buck,Kristoff,Jonathan Groff,414997174.0
Frozen,22-Nov-13,Adventure,PG,Chris Buck,Oaken,Chris Williams,414997174.0
Frozen,22-Nov-13,Adventure,PG,Chris Buck,Olaf,Josh Gad,414997174.0
Frozen,22-Nov-13,Adventure,PG,Chris Buck,Prince Hans,Santino Fontana,414997174.0
Frozen,22-Nov-13,Adventure,PG,Chris Buck,Sven,None,414997174.0
Pirates of the Caribbean: On Stranger…,20-May-11,Adventure,PG-13,Rob Marshall,NA,NA,256263359.0
Zokkomon,22-Apr-11,Adventure,PG,Satyajit Bhatkal,NA,NA,2984.0
Gross Anatomy,20-Oct-89,Drama,PG-13,Thom Eberhardt,NA,NA,23972012.0
The Incredibles,5-Nov-04,Adventure,PG,Brad Bird,NA,NA,354488708.0
Frank McKlusky C.I.,1-Jan-02,NA,NA,Arlene Sanford,NA,NA,0.0
Taking Care of Business,17-Aug-90,Comedy,R,Arthur Hiller,NA,NA,39963460.0
Tim Burton's The Nightmare Before Chr…,20-Oct-06,Musical,PG,NA,NA,NA,30737517.0
Cocktail,29-Jul-88,Drama,R,Roger Donaldson,NA,NA,160442289.0
Gun Shy,4-Feb-00,Comedy,R,Simon West,NA,NA,2562155.0
Mr. Destiny,12-Oct-90,Comedy,PG-13,James Orr,NA,NA,30722056.0
Herbie Goes to Monte Carlo,24-Jun-77,NA,NA,Vincent McEveety,NA,NA,105847527.0
Evita,25-Dec-96,Musical,PG,Alan Parker,NA,NA,92077628.0
Dark Water,8-Jul-05,Thriller/Suspense,PG-13,Walter Salles,NA,NA,33500491.0
Piglet's Big Movie,21-Mar-03,Comedy,G,Francis Glebas,NA,NA,32298812.0
Kazaam,17-Jul-96,Comedy,PG,Paul Michael Glaser,NA,NA,36009655.0
Déjà Vu,22-Nov-06,Thriller/Suspense,PG-13,Tony Scott,NA,NA,82267038.0
Waking Sleeping Beauty,26-Mar-10,Documentary,PG,Don Hahn,NA,NA,86264.0
The Count of Monte Cristo,25-Jan-02,Drama,PG-13,Kevin Reynolds,NA,NA,78682079.0
The Program,24-Sep-93,Action,R,Stephen Frears,NA,NA,46919256.0
When in Rome,29-Jan-10,Romantic Comedy,PG-13,Mark Steven Johnson,NA,NA,34917330.0
Born Yesterday,26-Mar-93,Romantic Comedy,PG,George Cukor,NA,NA,36165012.0
The Alamo,9-Apr-04,Western,PG-13,John Lee Hancock,NA,NA,30416359.0
Mad Love,26-May-95,Drama,PG-13,Antonia Bird,NA,NA,29934306.0
Armageddon,1-Jul-98,Adventure,PG-13,Michael Bay,NA,NA,362324957.0
Air Bud,1-Aug-97,Comedy,PG,Charles Martin Smith,NA,NA,45266588.0
Fire Birds,24-May-90,Action,PG-13,David Green,NA,NA,29485923.0
The Black Cauldron,24-Jul-85,Adventure,NA,Ted Berman,Creeper,Phil Fondacaro,50553142.0
The Black Cauldron,24-Jul-85,Adventure,NA,Ted Berman,Dallben,Freddie Jones,50553142.0
The Black Cauldron,24-Jul-85,Adventure,NA,Ted Berman,Doli,John Byner,50553142.0
The Black Cauldron,24-Jul-85,Adventure,NA,Ted Berman,Fflewddur Fflam,Nigel Hawthorne,50553142.0
The Black Cauldron,24-Jul-85,Adventure,NA,Ted Berman,Gurgi,John Byner,50553142.0
The Black Cauldron,24-Jul-85,Adventure,NA,Ted Berman,Hen Wen,None,50553142.0
The Black Cauldron,24-Jul-85,Adventure,NA,Ted Berman,The Horned King,John Hurt,50553142.0
The Black Cauldron,24-Jul-85,Adventure,NA,Ted Berman,King Eiddileg,Arthur Malet,50553142.0
The Black Cauldron,24-Jul-85,Adventure,NA,Ted Berman,Orddu,Eda Reiss Merin,50553142.0
The Black Cauldron,24-Jul-85,Adventure,NA,Ted Berman,Orgoch,Billie Hayes,50553142.0
The Black Cauldron,24-Jul-85,Adventure,NA,Ted Berman,Orwen,Adele Malis-Morey,50553142.0
The Black Cauldron,24-Jul-85,Adventure,NA,Ted Berman,Princess Eilonwy,Susan Sheridan,50553142.0
The Black Cauldron,24-Jul-85,Adventure,NA,Ted Berman,Taran,Grant Bardsley,50553142.0
Oz the Great and Powerful,8-Mar-13,Adventure,PG,Sam Raimi,NA,NA,243434130.0
Two Much,15-Mar-96,Romantic Comedy,PG-13,Fernando Trueba,NA,NA,2057055.0
102 Dalmatians,22-Nov-00,Comedy,G,Kevin Lima,NA,NA,104055039.0
The Pacifier,4-Mar-05,Comedy,PG,Adam Shankman,NA,NA,148619029.0
Prom,29-Apr-11,Comedy,PG,Joe Nussbaum,NA,NA,10768946.0
Un indien dans la ville,22-Mar-96,Comedy,PG,Hervé Palud,NA,NA,1963937.0
Annapolis,27-Jan-06,Drama,PG-13,Justin Lin,NA,NA,22044113.0
The Country Bears,26-Jul-02,Adventure,G,Peter Hastings,Beary Barrington,Haley Joel Osment,24650121.0
The Country Bears,26-Jul-02,Adventure,G,Peter Hastings,Big Al,James Gammon,24650121.0
The Country Bears,26-Jul-02,Adventure,G,Peter Hastings,Dex Barrington,Justin Berfield,24650121.0
The Country Bears,26-Jul-02,Adventure,G,Peter Hastings,Ted Betterhead,Diedrich Bader,24650121.0
Planes: Fire and Rescue,18-Jul-14,Adventure,PG,Roberts Gannaway,NA,NA,61040349.0
Tin Men,6-Mar-87,Comedy,NA,Barry Levinson,NA,NA,54787202.0
Renaissance Man,3-Jun-94,Comedy,PG-13,Penny Marshall,NA,NA,49945474.0
Playing God,17-Oct-97,Thriller/Suspense,R,Andy Wilson,NA,NA,7652965.0
Phenomenon,5-Jul-96,Drama,PG,Jon Turteltaub,NA,NA,199559799.0
Gnomeo and Juliet,11-Feb-11,Comedy,G,Kelly Asbury,NA,NA,106270797.0
The Color of Money,17-Oct-86,Drama,R,Martin Scorsese,NA,NA,117957323.0
Blackbeard's Ghost,8-Feb-68,Comedy,NA,Robert Stevenson,NA,NA,138612686.0
Ernest Scared Stupid,11-Oct-91,Comedy,PG,John R. Cherry III,NA,NA,28320147.0
The Emperor's New Groove,15-Dec-00,Adventure,G,Mark Dindal,Bucky the Squirrel,Bob Bergen,136789252.0
The Emperor's New Groove,15-Dec-00,Adventure,G,Mark Dindal,Chaca,Kellyann Kelso,136789252.0
The Emperor's New Groove,15-Dec-00,Adventure,G,Mark Dindal,Chicha,Wendie Malick,136789252.0
The Emperor's New Groove,15-Dec-00,Adventure,G,Mark Dindal,Kronk Pepikrankenitz,Patrick Warburton,136789252.0
The Emperor's New Groove,15-Dec-00,Adventure,G,Mark Dindal,Kuzco,David Spade,136789252.0
The Emperor's New Groove,15-Dec-00,Adventure,G,Mark Dindal,Pacha,John Goodman,136789252.0
The Emperor's New Groove,15-Dec-00,Adventure,G,Mark Dindal,Tipo,Eli Russell Linnetz,136789252.0
The Emperor's New Groove,15-Dec-00,Adventure,G,Mark Dindal,Yzma,Eartha Kitt,136789252.0
Double Take,12-Jan-01,Action,PG-13,George Gallo,NA,NA,44418589.0
Rocket Man,10-Oct-97,Comedy,PG,Oscar Rudolph,NA,NA,28371890.0
Mulan,19-Jun-98,Adventure,G,Barry Cook,Chi-Fu,James Hong,216807832.0
Mulan,19-Jun-98,Adventure,G,Barry Cook,Chien-Po,Jerry Tondo,216807832.0
Mulan,19-Jun-98,Adventure,G,Barry Cook,Cri-Kee,None,216807832.0
Mulan,19-Jun-98,Adventure,G,Barry Cook,Emperor of China,Pat Morita,216807832.0
Mulan,19-Jun-98,Adventure,G,Barry Cook,Fa Li,Freda Foh Shen,216807832.0
Mulan,19-Jun-98,Adventure,G,Barry Cook,Fa Zhou,Soon-Tek Oh,216807832.0
Mulan,19-Jun-98,Adventure,G,Barry Cook,First Ancestor Fa,George Takei,216807832.0
Mulan,19-Jun-98,Adventure,G,Barry Cook,General Li,James Shigeta,216807832.0
Mulan,19-Jun-98,Adventure,G,Barry Cook,Grandmother Fa,June Foray,216807832.0
Mulan,19-Jun-98,Adventure,G,Barry Cook,Li Shang,B.D. Wong,216807832.0
Mulan,19-Jun-98,Adventure,G,Barry Cook,Ling,Gedde Watanabe,216807832.0
Mulan,19-Jun-98,Adventure,G,Barry Cook,The Matchmaker,Miriam Margoyles,216807832.0
Mulan,19-Jun-98,Adventure,G,Barry Cook,Mulan,Ming-Na Wen; Lea Salonga,216807832.0
Mulan,19-Jun-98,Adventure,G,Barry Cook,Mushu,Eddie Murphy,216807832.0
Mulan,19-Jun-98,Adventure,G,Barry Cook,Shan Yu,Miguel Ferrer,216807832.0
Mulan,19-Jun-98,Adventure,G,Barry Cook,Yao,Harvey Fierstein,216807832.0
Song of the South,12-Nov-46,Adventure,G,Wilfred Jackson,Br'er Bear,Nick Stewart,1078510579.0
Song of the South,12-Nov-46,Adventure,G,Wilfred Jackson,Br'er Fox,James Baskett,1078510579.0
Song of the South,12-Nov-46,Adventure,G,Wilfred Jackson,Br'er Rabbit,Johnny Lee,1078510579.0
The Black Hole,21-Dec-79,NA,NA,Gary Nelson,NA,NA,120377374.0
Raising Helen,28-May-04,Comedy,PG-13,Garry Marshall,NA,NA,50886144.0
A Gun in Betty Lou's Handbag,21-Aug-92,NA,PG-13,Allan Moyle,NA,NA,7295423.0
The Air Up There,7-Jan-94,Comedy,PG,Paul Michael Glaser,NA,NA,42940186.0
Roommates,3-Mar-95,Comedy,PG,Peter Yates,NA,NA,23404369.0
Morning Light,17-Oct-08,Documentary,PG,Mark Monroe,NA,NA,322979.0
Valiant,19-Aug-05,Adventure,G,Gary Chapman,NA,NA,25616292.0
Down and Out in Beverly Hills,31-Jan-86,Comedy,R,Paul Mazursky,NA,NA,141183693.0
Tarzan,16-Jun-99,Adventure,G,Chris Buck,Archimedes Q. Porter,Nigel Hawthorne,283900254.0
Tarzan,16-Jun-99,Adventure,G,Chris Buck,Clayton,Brian Blessed,283900254.0
Tarzan,16-Jun-99,Adventure,G,Chris Buck,Jane Porter,Minnie Driver,283900254.0
Tarzan,16-Jun-99,Adventure,G,Chris Buck,Kala,Glenn Close,283900254.0
Tarzan,16-Jun-99,Adventure,G,Chris Buck,Kerchak,Lance Henriksen,283900254.0
Tarzan,16-Jun-99,Adventure,G,Chris Buck,Mungo,Jason Marsden,283900254.0
Tarzan,16-Jun-99,Adventure,G,Chris Buck,Tantor,Wayne Knight,283900254.0
Tarzan,16-Jun-99,Adventure,G,Chris Buck,Tarzan,Tony Goldwyn,283900254.0
Tarzan,16-Jun-99,Adventure,G,Chris Buck,Tarzan,Alex D. Linz,283900254.0
Tarzan,16-Jun-99,Adventure,G,Chris Buck,Terk,Rosie O'Donnell,283900254.0
The Royal Tenenbaums,14-Dec-01,Black Comedy,R,Wes Anderson,NA,NA,76758193.0
James and the Giant Peach,12-Apr-96,Adventure,PG,Henry Selick,NA,NA,55159783.0
"Mystery, Alaska",1-Oct-99,Comedy,R,Jay Roach,NA,NA,14755189.0
Last Dance,3-May-96,Drama,R,Thomas Carter,NA,NA,11171714.0
My Science Project,9-Aug-85,Comedy,NA,Jonathan R. Betuel,NA,NA,9736051.0
Homeward Bound II: Lost in San Franc…,8-Mar-96,Adventure,G,NA,NA,NA,62384706.0
The Muppets,23-Nov-11,Comedy,PG,James Bobin,NA,NA,94189503.0
Turner & Hooch,28-Jul-89,Comedy,PG,Roger Spottiswoode,NA,NA,150176361.0
Oceans,22-Apr-10,Documentary,G,Gary Ross,NA,NA,20751600.0
It's Pat,26-Aug-94,Comedy,NA,Adam Bernstein,NA,NA,125666.0
The Finest Hours,29-Jan-16,Thriller/Suspense,PG,Craig Gillespie,NA,NA,27569558.0
Shoot to Kill,12-Feb-88,Action,NA,Roger Spottiswoode,NA,NA,60097074.0
Hannah Montana the Movie,10-Apr-09,Drama,G,Peter Chelsom,NA,NA,89443640.0
First Kid,30-Aug-96,Comedy,PG,David M. Evans,NA,NA,50465108.0
Consenting Adults,16-Oct-92,Drama,R,Alan J. Pakula,NA,NA,43859823.0
Dan in Real Life,20-Oct-07,Romantic Comedy,PG-13,Peter Hedges,NA,NA,58350234.0
Sorority Boys,22-Mar-02,Comedy,R,Wallace Wolodarsky,NA,NA,14797862.0
Simon Birch,11-Sep-98,Drama,PG,Mark Steven Johnson,NA,NA,32809442.0
In the Army Now,12-Aug-94,Comedy,PG,Daniel Petrie Jr.,NA,NA,59673787.0
Wreck-It Ralph,2-Nov-12,Adventure,PG,Rich Moore,Adorabeezle Winterpop,None,200354959.0
Wreck-It Ralph,2-Nov-12,Adventure,PG,Rich Moore,Candlehead,Katie Lowes,200354959.0
Wreck-It Ralph,2-Nov-12,Adventure,PG,Rich Moore,Crumbelina DiCaramello,Cymbre Walk,200354959.0
Wreck-It Ralph,2-Nov-12,Adventure,PG,Rich Moore,Duncan,Horatio Sanz,200354959.0
Wreck-It Ralph,2-Nov-12,Adventure,PG,Rich Moore,Fix-It Felix Jr.,Jack McBrayer,200354959.0
Wreck-It Ralph,2-Nov-12,Adventure,PG,Rich Moore,General Hologram,Dennis Haysbert,200354959.0
Wreck-It Ralph,2-Nov-12,Adventure,PG,Rich Moore,Gloyd Orangeboar,None,200354959.0
Wreck-It Ralph,2-Nov-12,Adventure,PG,Rich Moore,Jubileena Bing-Bing,Josie Trinidad,200354959.0
Wreck-It Ralph,2-Nov-12,Adventure,PG,Rich Moore,King Candy/Turbo,Alan Tudyk,200354959.0
Wreck-It Ralph,2-Nov-12,Adventure,PG,Rich Moore,Mr. Litwak,Ed O'Neill,200354959.0
Wreck-It Ralph,2-Nov-12,Adventure,PG,Rich Moore,Markowski,Joe Lo Truglio,200354959.0
Wreck-It Ralph,2-Nov-12,Adventure,PG,Rich Moore,Minty Zaki,None,200354959.0
Wreck-It Ralph,2-Nov-12,Adventure,PG,Rich Moore,Rancis Fluggerbutter,Jamie Elman,200354959.0
Wreck-It Ralph,2-Nov-12,Adventure,PG,Rich Moore,Sergeant Calhoun,Jane Lynch,200354959.0
Wreck-It Ralph,2-Nov-12,Adventure,PG,Rich Moore,Snowanna Rainbeau,None,200354959.0
Wreck-It Ralph,2-Nov-12,Adventure,PG,Rich Moore,Sour Bill,Rich Moore,200354959.0
Wreck-It Ralph,2-Nov-12,Adventure,PG,Rich Moore,"Swizzle ""The Swizz"" Malarkey",None,200354959.0
Wreck-It Ralph,2-Nov-12,Adventure,PG,Rich Moore,Taffyta Muttonfudge,Mindy Kaling,200354959.0
Wreck-It Ralph,2-Nov-12,Adventure,PG,Rich Moore,Vanellope von Schweetz,Sarah Silverman,200354959.0
Wreck-It Ralph,2-Nov-12,Adventure,PG,Rich Moore,Wreck-It Ralph,John C. Reilly,200354959.0
Wreck-It Ralph,2-Nov-12,Adventure,PG,Rich Moore,Wynchel,Adam Carolla,200354959.0
Iron Man 3,3-May-13,Action,PG-13,Shane Black,NA,NA,424084233.0
One Magic Christmas,22-Nov-85,Drama,NA,Phillip Borsos,NA,NA,31415432.0
Beverly Hills Chihuahua,3-Oct-08,Comedy,PG,Raja Gosnell,NA,NA,110932022.0
WALL-E,27-Jun-08,Adventure,G,Andrew Stanton,NA,NA,262771918.0
Aladdin,11-Nov-92,Comedy,G,Ron Clements,Abu,Frank Welker,441969178.0
Aladdin,11-Nov-92,Comedy,G,Ron Clements,Aladdin,Scott Weinger; Brad Kane,441969178.0
Aladdin,11-Nov-92,Comedy,G,Ron Clements,Genie,Robin Williams,441969178.0
Aladdin,11-Nov-92,Comedy,G,Ron Clements,Haroud Hazi Bin,James Avery,441969178.0
Aladdin,11-Nov-92,Comedy,G,Ron Clements,Iago,Gilbert Gottfried,441969178.0
Aladdin,11-Nov-92,Comedy,G,Ron Clements,Jafar,Jonathan Freeman,441969178.0
Aladdin,11-Nov-92,Comedy,G,Ron Clements,Magic Carpet,None,441969178.0
Aladdin,11-Nov-92,Comedy,G,Ron Clements,Mechanicles,Charlie Adler,441969178.0
Aladdin,11-Nov-92,Comedy,G,Ron Clements,Mozenrath,Jonathan Brandis,441969178.0
Aladdin,11-Nov-92,Comedy,G,Ron Clements,Princess Jasmine,Linda Larkin; Lea Salonga,441969178.0
Aladdin,11-Nov-92,Comedy,G,Ron Clements,Rajah,Frank Welker,441969178.0
Aladdin,11-Nov-92,Comedy,G,Ron Clements,Razoul,Jim Cummings,441969178.0
Aladdin,11-Nov-92,Comedy,G,Ron Clements,Sadira,Kellie Martin,441969178.0
Aladdin,11-Nov-92,Comedy,G,Ron Clements,The Sultan,Douglas Seale,441969178.0
Casanova,25-Dec-05,Drama,R,Lasse Hallström,NA,NA,14574087.0
Thor: The Dark World,8-Nov-13,Adventure,PG-13,Alan Taylor,NA,NA,213962184.0
Monkey Kingdom,17-Apr-15,Documentary,G,Alastair Fothergill,NA,NA,16432322.0
Ernest Saves Christmas,11-Nov-88,Comedy,PG,John R. Cherry III,NA,NA,57845202.0
Hannah Montana/Miley Cyrus: Best of B…,1-Feb-08,Concert/Performance,G,NA,NA,NA,76646993.0
Saving Mr. Banks,13-Dec-13,Drama,PG-13,John Lee Hancock,NA,NA,86249969.0
The Aristocats,24-Apr-70,Musical,G,Wolfgang Reitherman,Abigail Gabble,Monica Evans,255161499.0
The Aristocats,24-Apr-70,Musical,G,Wolfgang Reitherman,Amelia Gabble,Carole Shelley,255161499.0
The Aristocats,24-Apr-70,Musical,G,Wolfgang Reitherman,Berlioz,Dean Clark,255161499.0
The Aristocats,24-Apr-70,Musical,G,Wolfgang Reitherman,Billy Boss,Thurl Ravenscroft,255161499.0
The Aristocats,24-Apr-70,Musical,G,Wolfgang Reitherman,Duchess,Eva Gabor,255161499.0
The Aristocats,24-Apr-70,Musical,G,Wolfgang Reitherman,Edgar Balthazar the Butler,Roddy Maude-Roxby,255161499.0
The Aristocats,24-Apr-70,Musical,G,Wolfgang Reitherman,Frou-Frou,Nancy Kulp,255161499.0
The Aristocats,24-Apr-70,Musical,G,Wolfgang Reitherman,Georges Hautecourt,Charles Lane,255161499.0
The Aristocats,24-Apr-70,Musical,G,Wolfgang Reitherman,Hit Cat the English Cat,Lord Tim Hudson,255161499.0
The Aristocats,24-Apr-70,Musical,G,Wolfgang Reitherman,Lafayette the Basset Hound,George Lindsey,255161499.0
The Aristocats,24-Apr-70,Musical,G,Wolfgang Reitherman,Madame Adelaide Bonfamille,Hermione Baddeley,255161499.0
The Aristocats,24-Apr-70,Musical,G,Wolfgang Reitherman,Marie,Liz English,255161499.0
The Aristocats,24-Apr-70,Musical,G,Wolfgang Reitherman,Napoleon the Bloodhound,Pat Buttram,255161499.0
The Aristocats,24-Apr-70,Musical,G,Wolfgang Reitherman,Peppo the Italian Cat,Vito Scotti,255161499.0
The Aristocats,24-Apr-70,Musical,G,Wolfgang Reitherman,Roquefort the Mouse,Sterling Holloway,255161499.0
The Aristocats,24-Apr-70,Musical,G,Wolfgang Reitherman,Scat Cat,Scatman Crothers,255161499.0
The Aristocats,24-Apr-70,Musical,G,Wolfgang Reitherman,Shun Gon the Chinese Cat,Paul Winchell,255161499.0
The Aristocats,24-Apr-70,Musical,G,Wolfgang Reitherman,Thomas O'Malley,Phil Harris,255161499.0
The Aristocats,24-Apr-70,Musical,G,Wolfgang Reitherman,Toulouse,Gary Dubin,255161499.0
The Aristocats,24-Apr-70,Musical,G,Wolfgang Reitherman,Uncle Waldo,Bill Thompson,255161499.0
Calendar Girls,19-Dec-03,Comedy,PG-13,Nigel Cole,NA,NA,42379650.0
Unstrung Heroes,15-Sep-95,Drama,PG,Diane Keaton,NA,NA,15365850.0
Three Fugitives,27-Jan-89,Comedy,PG-13,Francis Veber,NA,NA,85757817.0
Tomorrowland,22-May-15,Adventure,PG,Brad Bird,NA,NA,93436322.0
The Village,30-Jul-04,Thriller/Suspense,PG-13,M. Night Shyamalan,NA,NA,155021748.0
"Alexander and the Terrible, Horrible,…",10-Oct-14,Comedy,PG,Miguel Arteta,NA,NA,69055550.0
Arachnophobia,18-Jul-90,Thriller/Suspense,PG-13,Frank Marshall,NA,NA,106290270.0
Lincoln,9-Nov-12,Drama,PG-13,Timur Bekmambetov,NA,NA,192122330.0
The Horse Whisperer,15-May-98,Drama,PG-13,Robert Redford,NA,NA,135497531.0
Muppets Most Wanted,21-Mar-14,Comedy,PG,James Bobin,NA,NA,52807594.0
Fantasia 2000 (IMAX),1-Jan-00,Musical,G,NA,NA,NA,94852354.0
Spaced Invaders,27-Apr-90,Comedy,PG,Patrick Read Johnson,NA,NA,29964452.0
Just Visiting,6-Apr-01,Comedy,PG-13,Jean-Marie Poiré,NA,NA,7114869.0
Holes,18-Apr-03,Drama,PG,Andrew Davis,NA,NA,94203395.0
The Last Shot,24-Sep-04,Comedy,R,Jeff Nathanson,NA,NA,629502.0
Meet the Robinsons,30-Mar-07,Adventure,G,Stephen J. Anderson,Bowler Hat Guy,Stephen J. Anderson,119860589.0
Meet the Robinsons,30-Mar-07,Adventure,G,Stephen J. Anderson,Carl the Robot,Harland Williams,119860589.0
Meet the Robinsons,30-Mar-07,Adventure,G,Stephen J. Anderson,Cornelius Robinson,Tom Selleck,119860589.0
Meet the Robinsons,30-Mar-07,Adventure,G,Stephen J. Anderson,Doris,Ethan Sandler,119860589.0
Meet the Robinsons,30-Mar-07,Adventure,G,Stephen J. Anderson,Frankie the Frog,Aurian Redson,119860589.0
Meet the Robinsons,30-Mar-07,Adventure,G,Stephen J. Anderson,Franny Robinson,Nicole Sullivan,119860589.0
Meet the Robinsons,30-Mar-07,Adventure,G,Stephen J. Anderson,Goob,Matthew Josten,119860589.0
Meet the Robinsons,30-Mar-07,Adventure,G,Stephen J. Anderson,Lefty,Nathan Greno,119860589.0
Meet the Robinsons,30-Mar-07,Adventure,G,Stephen J. Anderson,Lewis,Jordan Fry,119860589.0
Meet the Robinsons,30-Mar-07,Adventure,G,Stephen J. Anderson,Lizzy,Tracey Miller-Zarneke,119860589.0
Meet the Robinsons,30-Mar-07,Adventure,G,Stephen J. Anderson,Lucille Krunklehorn,Laurie Metcalf,119860589.0
Meet the Robinsons,30-Mar-07,Adventure,G,Stephen J. Anderson,Mildred,Angela Bassett,119860589.0
Meet the Robinsons,30-Mar-07,Adventure,G,Stephen J. Anderson,Mr. Willerstein,Tom Kenny,119860589.0
Meet the Robinsons,30-Mar-07,Adventure,G,Stephen J. Anderson,Tiny,Joe Mateo,119860589.0
Meet the Robinsons,30-Mar-07,Adventure,G,Stephen J. Anderson,Uncle Art,Adam West,119860589.0
Meet the Robinsons,30-Mar-07,Adventure,G,Stephen J. Anderson,Wilbur Robinson,Wesley Singerman,119860589.0
Dead Poets Society,2-Jun-89,Drama,PG,Peter Weir,NA,NA,202531517.0
Avengers: Age of Ultron,1-May-15,Action,PG-13,Joss Whedon,NA,NA,459005868.0
Man of the House,3-Mar-95,Comedy,PG,Stephen Herek,NA,NA,77573459.0
Bears,18-Apr-14,Documentary,G,Daniel Chong,NA,NA,18346024.0
Passed Away,24-Apr-92,NA,PG-13,Charlie Peters,NA,NA,8187848.0
ESPN's Ultimate X - The Movie,10-May-02,Documentary,PG,NA,NA,NA,6089874.0
Atlantis: The Lost Empire,8-Jun-01,Adventure,PG,Gary Trousdale,Audrey Ramirez,Jacqueline Obradors,125188122.0
Atlantis: The Lost Empire,8-Jun-01,Adventure,PG,Gary Trousdale,Commander Lyle Rourke,James Garner,125188122.0
Atlantis: The Lost Empire,8-Jun-01,Adventure,PG,Gary Trousdale,Cookie,Jim Varney,125188122.0
Atlantis: The Lost Empire,8-Jun-01,Adventure,PG,Gary Trousdale,Dr. Joshua Sweet,Phil Morris,125188122.0
Atlantis: The Lost Empire,8-Jun-01,Adventure,PG,Gary Trousdale,Fenton Q. Harcourt,David Ogden Stiers,125188122.0
Atlantis: The Lost Empire,8-Jun-01,Adventure,PG,Gary Trousdale,"Gaetan ""Mole"" Moliére",Corey Burton,125188122.0
Atlantis: The Lost Empire,8-Jun-01,Adventure,PG,Gary Trousdale,Helga Sinclair,Claudia Christian,125188122.0
Atlantis: The Lost Empire,8-Jun-01,Adventure,PG,Gary Trousdale,King Kashekim Nedakh,Leonard Nimoy,125188122.0
Atlantis: The Lost Empire,8-Jun-01,Adventure,PG,Gary Trousdale,Milo Thatch,Michael J. Fox,125188122.0
Atlantis: The Lost Empire,8-Jun-01,Adventure,PG,Gary Trousdale,Preston B. Whitmore,John Mahoney,125188122.0
Atlantis: The Lost Empire,8-Jun-01,Adventure,PG,Gary Trousdale,Princess Kidagakash,Cree Summer,125188122.0
Atlantis: The Lost Empire,8-Jun-01,Adventure,PG,Gary Trousdale,"Vincenzo ""Vinny"" Santorini",Don Novello,125188122.0
Atlantis: The Lost Empire,8-Jun-01,Adventure,PG,Gary Trousdale,Wilhelmina Packard,Florence Stanley,125188122.0
Ernest Goes to Camp,22-May-87,Comedy,NA,John R. Cherry III,NA,NA,50686462.0
Teacher's Pet: The Movie,16-Jan-04,Comedy,PG,NA,NA,NA,8812764.0
Spy Hard,24-May-96,Comedy,PG-13,Rick Friedberg,NA,NA,51373912.0
Snow Dogs,18-Jan-02,Comedy,PG,Brian Levant,NA,NA,117745317.0
Frankenweenie,5-Oct-12,Comedy,PG,Tim Burton,NA,NA,37363513.0
Tuck Everlasting,11-Oct-02,Drama,PG,Jay Russell,NA,NA,27789959.0
Hauru no ugoku shiro,10-Jun-05,Adventure,PG,Hayao Miyazaki,NA,NA,6194870.0
Gedo Senki (Tales from Earthsea),13-Aug-10,Adventure,PG-13,NA,NA,NA,51988.0
Return to Oz,21-Jun-85,Adventure,NA,Walter Murch,NA,NA,25215934.0
Disney's A Christmas Carol,6-Nov-09,Drama,PG,Robert Zemeckis,NA,NA,154927105.0
Prefontaine,24-Jan-97,Drama,PG-13,Steve James,NA,NA,1085093.0
Beaches,21-Dec-88,Drama,PG-13,Garry Marshall,NA,NA,120381757.0
101 Dalmatians,25-Jan-61,Comedy,G,Stephen Herek,NA,NA,1362870985.0
The Last Song,31-Mar-10,Drama,PG,Julie Anne Robinson,NA,NA,67258772.0
Father Hood,27-Aug-93,NA,PG-13,Darrell James Roodt,NA,NA,6654819.0
Encino Man,22-May-92,Comedy,PG,Les Mayfield,NA,NA,81369058.0
Sweet Home Alabama,27-Sep-02,Comedy,PG-13,Andy Tennant,NA,NA,184521151.0
Play it to the Bone,24-Dec-99,Comedy,R,Ron Shelton,NA,NA,13180524.0
The Odd Life of Timothy Green,15-Aug-12,Drama,PG,Peter Hedges,NA,NA,54914942.0
Honey I Blew Up the Kid,17-Jul-92,Comedy,PG,Randal Kleiser,NA,NA,119162518.0
Hercules,13-Jun-97,Adventure,G,Ron Clements,Alcmene,Barbara Barrie,182029412.0
Hercules,13-Jun-97,Adventure,G,Ron Clements,Amphitryon,Hal Holbrook,182029412.0
Hercules,13-Jun-97,Adventure,G,Ron Clements,Apollo,Keith David,182029412.0
Hercules,13-Jun-97,Adventure,G,Ron Clements,Atropos,Paddi Edwards,182029412.0
Hercules,13-Jun-97,Adventure,G,Ron Clements,Calliope,Lillias White,182029412.0
Hercules,13-Jun-97,Adventure,G,Ron Clements,Clio,Vanéese Y. Thomas,182029412.0
Hercules,13-Jun-97,Adventure,G,Ron Clements,Clotho,Amanda Plummer,182029412.0
Hercules,13-Jun-97,Adventure,G,Ron Clements,Demetrius,Wayne Knight,182029412.0
Hercules,13-Jun-97,Adventure,G,Ron Clements,Hades,James Woods,182029412.0
Hercules,13-Jun-97,Adventure,G,Ron Clements,Hera,Samantha Eggar,182029412.0
Hercules,13-Jun-97,Adventure,G,Ron Clements,Hercules,Tate Donovan; Joshua Keaton,182029412.0
Hercules,13-Jun-97,Adventure,G,Ron Clements,Hermes,Paul Shaffer,182029412.0
Hercules,13-Jun-97,Adventure,G,Ron Clements,Lachesis,Carole Shelley,182029412.0
Hercules,13-Jun-97,Adventure,G,Ron Clements,Megara,Susan Egan,182029412.0
Hercules,13-Jun-97,Adventure,G,Ron Clements,Melpomene,Cheryl Freeman,182029412.0
Hercules,13-Jun-97,Adventure,G,Ron Clements,Nessus,Jim Cummings,182029412.0
Hercules,13-Jun-97,Adventure,G,Ron Clements,Pain and Panic,Bobcat Goldthwait; Matt Frewer,182029412.0
Hercules,13-Jun-97,Adventure,G,Ron Clements,Pegasus,Frank Welker,182029412.0
Hercules,13-Jun-97,Adventure,G,Ron Clements,Philoctetes,Danny DeVito,182029412.0
Hercules,13-Jun-97,Adventure,G,Ron Clements,Terpsichore,LaChanze,182029412.0
Hercules,13-Jun-97,Adventure,G,Ron Clements,Thalia,Roz Ryan,182029412.0
Hercules,13-Jun-97,Adventure,G,Ron Clements,Zeus,Rip Torn,182029412.0
Dumbo,NA,NA,NA,Ben Sharpsteen,Casey Junior,Margaret Wright,NA
Dumbo,NA,NA,NA,Ben Sharpsteen,Catty the Elephant,Noreen Gammill,NA
Dumbo,NA,NA,NA,Ben Sharpsteen,Circus Animals,None,NA
Dumbo,NA,NA,NA,Ben Sharpsteen,Dumbo,None,NA
Dumbo,NA,NA,NA,Ben Sharpsteen,Giddy the Elephant,Dorothy Scott,NA
Dumbo,NA,NA,NA,Ben Sharpsteen,Jim Crow,Cliff Edwards,NA
Dumbo,NA,NA,NA,Ben Sharpsteen,Mr. Stork,Sterling Holloway,NA
Dumbo,NA,NA,NA,Ben Sharpsteen,Mrs. Jumbo,Verna Felton,NA
Dumbo,NA,NA,NA,Ben Sharpsteen,Prissy the Elephant,Sarah Selby,NA
Dumbo,NA,NA,NA,Ben Sharpsteen,The Ringmaster,Herman Bing,NA
Dumbo,NA,NA,NA,Ben Sharpsteen,Timothy Q. Mouse,Edward Brophy,NA
Bambi,NA,NA,NA,David Hand,Bambi,Donnie Dunagan,NA
Bambi,NA,NA,NA,David Hand,Bambi,Hardie Albright,NA
Bambi,NA,NA,NA,David Hand,Bambi,Alexander Gould,NA
Bambi,NA,NA,NA,David Hand,Bambi's Mother,Paula Winslowe; Carolyn Hennesy,NA
Bambi,NA,NA,NA,David Hand,Faline,Cammie King; Ann Gillis,NA
Bambi,NA,NA,NA,David Hand,Flower,Stan Alexander; Sterling Holloway,NA
Bambi,NA,NA,NA,David Hand,Friend Owl,Will Wright,NA
Bambi,NA,NA,NA,David Hand,Great Prince of the Forest,Fred Shields,NA
Bambi,NA,NA,NA,David Hand,Man the Hunter,None,NA
Bambi,NA,NA,NA,David Hand,Mrs. Possum,Mary Lansing,NA
Bambi,NA,NA,NA,David Hand,Mrs. Quail,Thelma Boardman,NA
Bambi,NA,NA,NA,David Hand,Thumper,Peter Behn; Sam Edwards,NA
Bambi,NA,NA,NA,David Hand,Thumper's Mother,Margaret Lee,NA
Saludos Amigos,NA,NA,NA,Jack Kinney,José Carioca,José Oliveira; Rob Paulsen,NA
The Three Caballeros,NA,NA,NA,Norman Ferguson,Aracuan Bird,Pinto Colvig,NA
The Three Caballeros,NA,NA,NA,Norman Ferguson,Panchito Pistoles,Joaquin Garay; Carlos Alazraqui,NA
Make Mine Music,NA,NA,NA,Jack Kinney,Alice Bluebonnet,None,NA
Fun and Fancy Free,NA,NA,NA,Jack Kinney,Willie the Giant,Billy Gilbert,NA
Melody Time,NA,NA,NA,Clyde Geronimi,Johnny Appleseed,Dennis Day,NA
Melody Time,NA,NA,NA,Clyde Geronimi,Little Toot,None,NA
The Adventures of Ichabod and Mr. Toad,NA,NA,NA,Jack Kinney,Angus MacBadger,Campbell Grant,NA
The Adventures of Ichabod and Mr. Toad,NA,NA,NA,Jack Kinney,Cyril Proudbottom,J. Pat O'Malley,NA
The Adventures of Ichabod and Mr. Toad,NA,NA,NA,Jack Kinney,Headless Horseman,None,NA
The Adventures of Ichabod and Mr. Toad,NA,NA,NA,Jack Kinney,Ichabod Crane,Pinto Colvig,NA
The Adventures of Ichabod and Mr. Toad,NA,NA,NA,Jack Kinney,J. Thaddeus Toad,Eric Blore,NA
The Adventures of Ichabod and Mr. Toad,NA,NA,NA,Jack Kinney,Katrina Van Tassel,None,NA
The Adventures of Ichabod and Mr. Toad,NA,NA,NA,Jack Kinney,Moley,Colin Campbell,NA
The Adventures of Ichabod and Mr. Toad,NA,NA,NA,Jack Kinney,Ratty,Claud Allister,NA
The Adventures of Ichabod and Mr. Toad,NA,NA,NA,Jack Kinney,Winkie the Barman,Oliver Wallace,NA
Peter Pan,NA,NA,NA,Hamilton Luske,Captain Hook,Hans Conried,NA
Peter Pan,NA,NA,NA,Hamilton Luske,The Crocodile (Tick Tock),None,NA
Peter Pan,NA,NA,NA,Hamilton Luske,Cubby,Robert Ellis,NA
Peter Pan,NA,NA,NA,Hamilton Luske,George Darling,Hans Conried,NA
Peter Pan,NA,NA,NA,Hamilton Luske,The Indian Chief,Candy Candido,NA
Peter Pan,NA,NA,NA,Hamilton Luske,John Darling,Paul Collins,NA
Peter Pan,NA,NA,NA,Hamilton Luske,Mary Darling,Heather Angel,NA
Peter Pan,NA,NA,NA,Hamilton Luske,Michael Darling,Tommy Luske,NA
Peter Pan,NA,NA,NA,Hamilton Luske,Mr. Smee,Bill Thompson,NA
Peter Pan,NA,NA,NA,Hamilton Luske,Nana,None,NA
Peter Pan,NA,NA,NA,Hamilton Luske,Nibs,Jeffrey Silver,NA
Peter Pan,NA,NA,NA,Hamilton Luske,Peter Pan,Bobby Driscoll,NA
Peter Pan,NA,NA,NA,Hamilton Luske,Slightly,Stuffy Singer,NA
Peter Pan,NA,NA,NA,Hamilton Luske,Tiger Lily,Cree Summer,NA
Peter Pan,NA,NA,NA,Hamilton Luske,Tinker Bell,Mae Whitman,NA
Peter Pan,NA,NA,NA,Hamilton Luske,Tootles,None,NA
Peter Pan,NA,NA,NA,Hamilton Luske,Wendy Darling,Kathryn Beaumont,NA
Robin Hood,NA,NA,NA,Wolfgang Reitherman,Alan-a-Dale,Roger Miller,NA
Robin Hood,NA,NA,NA,Wolfgang Reitherman,Friar Tuck,Andy Devine,NA
Robin Hood,NA,NA,NA,Wolfgang Reitherman,King Richard,Peter Ustinov,NA
Robin Hood,NA,NA,NA,Wolfgang Reitherman,Lady Kluck,Carole Shelley,NA
Robin Hood,NA,NA,NA,Wolfgang Reitherman,Little John,Phil Harris,NA
Robin Hood,NA,NA,NA,Wolfgang Reitherman,Maid Marian,Monica Evans,NA
Robin Hood,NA,NA,NA,Wolfgang Reitherman,Mother Rabbit,Barbara Luddy,NA
Robin Hood,NA,NA,NA,Wolfgang Reitherman,Nutsy the Vulture,Ken Curtis,NA
Robin Hood,NA,NA,NA,Wolfgang Reitherman,Otto,J. Pat O'Malley,NA
Robin Hood,NA,NA,NA,Wolfgang Reitherman,Prince John,Peter Ustinov,NA
Robin Hood,NA,NA,NA,Wolfgang Reitherman,Robin Hood,Brian Bedford,NA
Robin Hood,NA,NA,NA,Wolfgang Reitherman,Sheriff of Nottingham,Pat Buttram,NA
Robin Hood,NA,NA,NA,Wolfgang Reitherman,Sir Hiss,Terry-Thomas,NA
Robin Hood,NA,NA,NA,Wolfgang Reitherman,Sis Bunny,Dana Laurita,NA
Robin Hood,NA,NA,NA,Wolfgang Reitherman,Skippy Bunny,Billy Whittaker,NA
Robin Hood,NA,NA,NA,Wolfgang Reitherman,Tagalong Bunny,Dori Whittaker,NA
Robin Hood,NA,NA,NA,Wolfgang Reitherman,Toby Turtle,Richie Sanders,NA
Robin Hood,NA,NA,NA,Wolfgang Reitherman,Trigger the Vulture,George Lindsey,NA
Fantasia 2000,NA,NA,NA,full credits,Ballerina,None,NA
Fantasia 2000,NA,NA,NA,full credits,Duke,None,NA
Fantasia 2000,NA,NA,NA,full credits,Firebird !The Firebird,Hugo Weaving,NA
Fantasia 2000,NA,NA,NA,full credits,Jack-in-the-Box,John Lithgow,NA
Fantasia 2000,NA,NA,NA,full credits,Jobless Joe,None,NA
Fantasia 2000,NA,NA,NA,full credits,Rachel,None,NA
Fantasia 2000,NA,NA,NA,full credits,Spring Sprite,Helena Bonham Carter,NA
Fantasia 2000,NA,NA,NA,full credits,Yo-Yo,None,NA
The Return of Jafar,NA,NA,NA,Alan Zaslove,Abis Mal,Jason Alexander,NA
Donald Duck and the Gorilla,NA,NA,NA,Jack King,Ajax the Gorilla,None,NA
Brother Bear 2,NA,NA,NA,Ben Gluck,Anda,Andrea Martin,NA
Brother Bear 2,NA,NA,NA,Ben Gluck,Atka,Jeff Bennett,NA
Brother Bear 2,NA,NA,NA,Ben Gluck,Aunt Siqiniq,Wendie Malick,NA
Brother Bear 2,NA,NA,NA,Ben Gluck,Aunt Taqqiq,Kathy Najimy,NA
Brother Bear 2,NA,NA,NA,Ben Gluck,Hoonah,Tress MacNeille,NA
Brother Bear 2,NA,NA,NA,Ben Gluck,Innoko,Wanda Sykes,NA
Brother Bear 2,NA,NA,NA,Ben Gluck,Kata,Catherine O'Hara,NA
Brother Bear 2,NA,NA,NA,Ben Gluck,Nita,Mandy Moore,NA
Lady and the Tramp II: Scamp's Adventure,NA,NA,NA,Darrell Rooney,Angel,Alyssa Milano,NA
Lady and the Tramp II: Scamp's Adventure,NA,NA,NA,Darrell Rooney,Annette,Debi Derryberry,NA
Lady and the Tramp II: Scamp's Adventure,NA,NA,NA,Darrell Rooney,Buster,Chazz Palminteri,NA
Lady and the Tramp II: Scamp's Adventure,NA,NA,NA,Darrell Rooney,Colette,Kath Soucie,NA
Lady and the Tramp II: Scamp's Adventure,NA,NA,NA,Darrell Rooney,Danielle,Kath Soucie,NA
Lady and the Tramp II: Scamp's Adventure,NA,NA,NA,Darrell Rooney,The Dog Catcher,Jeff Bennett,NA
Lady and the Tramp II: Scamp's Adventure,NA,NA,NA,Darrell Rooney,Francois,Bronson Pinchot,NA
Lady and the Tramp II: Scamp's Adventure,NA,NA,NA,Darrell Rooney,Mooch,Bill Fagerbakke,NA
Lady and the Tramp II: Scamp's Adventure,NA,NA,NA,Darrell Rooney,Ruby,Cathy Moriarty,NA
Lady and the Tramp II: Scamp's Adventure,NA,NA,NA,Darrell Rooney,Scamp,Scott Wolf,NA
Lady and the Tramp II: Scamp's Adventure,NA,NA,NA,Darrell Rooney,Scratchy,None,NA
Lady and the Tramp II: Scamp's Adventure,NA,NA,NA,Darrell Rooney,Sparky,Mickey Rooney,NA
Beauty and the Beast: The Enchanted Christmas,NA,NA,NA,Andrew Knight,Angelique,Bernadette Peters,NA
Beauty and the Beast: The Enchanted Christmas,NA,NA,NA,Andrew Knight,Axe,Jeff Bennett,NA
Beauty and the Beast: The Enchanted Christmas,NA,NA,NA,Andrew Knight,The Enchantress,Kath Soucie,NA
Beauty and the Beast: The Enchanted Christmas,NA,NA,NA,Andrew Knight,Fife the Piccolo,Paul Reubens,NA
Beauty and the Beast: The Enchanted Christmas,NA,NA,NA,Andrew Knight,Forte the Pipe Organ,Tim Curry,NA
House of Mouse,NA,NA,NA,Burny Mattinson,April,None,NA
House of Mouse,NA,NA,NA,Burny Mattinson,June,None,NA
House of Mouse,NA,NA,NA,Burny Mattinson,May,None,NA
House of Mouse,NA,NA,NA,Burny Mattinson,Mike the Microphone,Rod Roddy,NA
Jungle Cubs,NA,NA,NA,NA,Arthur,David Lander,NA
Jungle Cubs,NA,NA,NA,NA,Cecil the Vulture,Michael McKean,NA
Jungle Cubs,NA,NA,NA,NA,Mahra the Baboon,Tress MacNeille,NA
Jungle Cubs,NA,NA,NA,NA,Ned the Baboon,Charlie Adler,NA
DuckTales,NA,NA,NA,Bob Hathcock,Babyface Beagle,Terry McGovern,NA
DuckTales,NA,NA,NA,Bob Hathcock,Backwoods Beagle,Danny Mann,NA
DuckTales,NA,NA,NA,Bob Hathcock,Bacon Beagle,None,NA
DuckTales,NA,NA,NA,Bob Hathcock,Baggy Beagle,Frank Welker,NA
DuckTales,NA,NA,NA,Bob Hathcock,Bankjob Beagle,Peter Cullen,NA
DuckTales,NA,NA,NA,Bob Hathcock,Bentina Beakley,Joan Gerber,NA
DuckTales,NA,NA,NA,Bob Hathcock,Bigtime Beagle,Frank Welker,NA
DuckTales,NA,NA,NA,Bob Hathcock,Binky Beagle,None,NA
DuckTales,NA,NA,NA,Bob Hathcock,Bomber Beagle,Robert Ridgely,NA
DuckTales,NA,NA,NA,Bob Hathcock,Bouncer Beagle,Chuck McCann,NA
DuckTales,NA,NA,NA,Bob Hathcock,Bugle Beagle,Brian Cummings,NA
DuckTales,NA,NA,NA,Bob Hathcock,Burger Beagle,Chuck McCann,NA
DuckTales,NA,NA,NA,Bob Hathcock,Dijon the Thief,Richard Libertini,NA
DuckTales,NA,NA,NA,Bob Hathcock,Doofus Drake,Brian Cummings,NA
DuckTales,NA,NA,NA,Bob Hathcock,Duckworth,Chuck McCann,NA
DuckTales,NA,NA,NA,Bob Hathcock,El Capitan,Jim Cummings,NA
DuckTales,NA,NA,NA,Bob Hathcock,Fenton Crackshell (Gizmoduck),Hamilton Camp,NA
DuckTales,NA,NA,NA,Bob Hathcock,Flintheart Glomgold,Hal Smith,NA
DuckTales,NA,NA,NA,Bob Hathcock,Gladstone Gander,Rob Paulsen,NA
DuckTales,NA,NA,NA,Bob Hathcock,Glittering Goldie,Joan Gerber,NA
DuckTales,NA,NA,NA,Bob Hathcock,Gyro Gearloose,Hal Smith,NA
DuckTales,NA,NA,NA,Bob Hathcock,Launchpad McQuack,Terry McGovern,NA
DuckTales,NA,NA,NA,Bob Hathcock,Ma Beagle,June Foray,NA
DuckTales,NA,NA,NA,Bob Hathcock,Magica De Spell,June Foray,NA
DuckTales,NA,NA,NA,Bob Hathcock,Megabyte Beagle,Frank Welker,NA
DuckTales,NA,NA,NA,Bob Hathcock,Merlock the Magician,Christopher Lloyd,NA
DuckTales,NA,NA,NA,Bob Hathcock,Mrs. Featherby,June Foray,NA
DuckTales,NA,NA,NA,Bob Hathcock,The Phantom Blot,Frank Welker; John O'Hurley,NA
DuckTales,NA,NA,NA,Bob Hathcock,Poe De Spell,Terry McGovern; Frank Welker,NA
DuckTales,NA,NA,NA,Bob Hathcock,Scrooge McDuck,Alan Young,NA
DuckTales,NA,NA,NA,Bob Hathcock,Webby Vanderquack,Russi Taylor,NA
Mickey Mouse Clubhouse,NA,NA,NA,Donovan Cook,Baby Red Bird,Tress MacNeille,NA
Mickey Mouse Clubhouse,NA,NA,NA,Donovan Cook,Bella,Frank Welker,NA
Mickey Mouse Clubhouse,NA,NA,NA,Donovan Cook,Mr. Pettibone,Jeff Pidgeon,NA
Who Framed Roger Rabbit,NA,NA,NA,Robert Zemeckis,Baby Herman,April Winchell,NA
Who Framed Roger Rabbit,NA,NA,NA,Robert Zemeckis,Baby Herman,Lou Hirsch,NA
Who Framed Roger Rabbit,NA,NA,NA,Robert Zemeckis,Benny the Cab,Charles Fleischer,NA
Who Framed Roger Rabbit,NA,NA,NA,Robert Zemeckis,Greasy the Weasel,Charles Fleischer,NA
Who Framed Roger Rabbit,NA,NA,NA,Robert Zemeckis,Jessica Rabbit,Kathleen Turner,NA
Who Framed Roger Rabbit,NA,NA,NA,Robert Zemeckis,Judge Doom,Christopher Lloyd,NA
Who Framed Roger Rabbit,NA,NA,NA,Robert Zemeckis,Psycho the Weasel,Charles Fleischer,NA
Who Framed Roger Rabbit,NA,NA,NA,Robert Zemeckis,Roger Rabbit,Charles Fleischer,NA
Who Framed Roger Rabbit,NA,NA,NA,Robert Zemeckis,Smarty the Weasel,David Lander,NA
Who Framed Roger Rabbit,NA,NA,NA,Robert Zemeckis,Stupid the Weasel,Fred Newman,NA
Who Framed Roger Rabbit,NA,NA,NA,Robert Zemeckis,Wheezy the Weasel,June Foray,NA
Sofia the First,NA,NA,NA,Jamie Mitchell,Baileywick,Tim Gunn,NA
Sofia the First,NA,NA,NA,Jamie Mitchell,Cedric the Sorcerer,Jess Harnell,NA
Sofia the First,NA,NA,NA,Jamie Mitchell,Clover,Wayne Brady,NA
Sofia the First,NA,NA,NA,Jamie Mitchell,King Roland II,Travis Willingham,NA
Sofia the First,NA,NA,NA,Jamie Mitchell,Miss Nettle,Megan Mullally,NA
Sofia the First,NA,NA,NA,Jamie Mitchell,Prince James,Zach Callison,NA
Sofia the First,NA,NA,NA,Jamie Mitchell,Princess Amber,Darcy Rose Byrnes,NA
Sofia the First,NA,NA,NA,Jamie Mitchell,Queen Miranda,Sara Ramirez,NA
Sofia the First,NA,NA,NA,Jamie Mitchell,Princess Sofia,Ariel Winter,NA
Sofia the First,NA,NA,NA,Jamie Mitchell,Wormwood the Raven,Jim Cummings,NA
Cinderella II: Dreams Come True,NA,NA,NA,John Kafka,Baker,Rob Paulsen,NA
Cinderella II: Dreams Come True,NA,NA,NA,John Kafka,Pom-Pom,Frank Welker,NA
Cinderella II: Dreams Come True,NA,NA,NA,John Kafka,Prudence,Holland Taylor,NA
The Legend of Coyote Rock,NA,NA,NA,Charles A. Nichols,Bent-Tail the Coyote,Unknown,NA
Sheep Dog,NA,NA,NA,Charles A. Nichols,Bent-Tail Junior,Unknown,NA
An Extremely Goofy Movie,NA,NA,NA,Douglas McCarthy,Beret Girl,Vicki Lewis,NA
An Extremely Goofy Movie,NA,NA,NA,Douglas McCarthy,Bradley Uppercrust III,Jeff Bennett,NA
An Extremely Goofy Movie,NA,NA,NA,Douglas McCarthy,Sylvia Marpole,Bebe Neuwirth,NA
An Extremely Goofy Movie,NA,NA,NA,Douglas McCarthy,Tank,Brad Garrett,NA
Three Little Pigs,NA,NA,NA,Burt Gillett,Big Bad Wolf,Billy Bletcher,NA
Three Little Pigs,NA,NA,NA,Burt Gillett,Fiddler Pig,Mary Moder,NA
Three Little Pigs,NA,NA,NA,Burt Gillett,Fifer Pig,Dorothy Compton,NA
Three Little Pigs,NA,NA,NA,Burt Gillett,Practical Pig,Pinto Colvig,NA
Darkwing Duck,NA,NA,NA,Alan Zaslove,Binkie Muddlefoot,Susan Tolsky,NA
Darkwing Duck,NA,NA,NA,Alan Zaslove,Derek Blunt,Peter Renaday,NA
Darkwing Duck,NA,NA,NA,Alan Zaslove,Dr. Reginald Bushroot,Tino Insana,NA
Darkwing Duck,NA,NA,NA,Alan Zaslove,Drake Mallard (Darkwing Duck),Jim Cummings,NA
Darkwing Duck,NA,NA,NA,Alan Zaslove,Gosalyn Mallard,Christine Cavanaugh,NA
Darkwing Duck,NA,NA,NA,Alan Zaslove,Herb Muddlefoot,Jim Cummings,NA
Darkwing Duck,NA,NA,NA,Alan Zaslove,Honker Muddlefoot,Katie Leigh,NA
Darkwing Duck,NA,NA,NA,Alan Zaslove,J. Gander Hooter,Danny Mann,NA
Darkwing Duck,NA,NA,NA,Alan Zaslove,Liquidator !The Liquidator,Jack Angel,NA
Darkwing Duck,NA,NA,NA,Alan Zaslove,Megavolt,Dan Castellaneta,NA
Darkwing Duck,NA,NA,NA,Alan Zaslove,Morgana McCawber,Kath Soucie,NA
Darkwing Duck,NA,NA,NA,Alan Zaslove,NegaDuck,Jim Cummings,NA
Darkwing Duck,NA,NA,NA,Alan Zaslove,Quackerjack,Michael Bell,NA
Darkwing Duck,NA,NA,NA,Alan Zaslove,Rhoda Dendron,Jennifer Darling,NA
Darkwing Duck,NA,NA,NA,Alan Zaslove,Steelbeak,Rob Paulsen,NA
Darkwing Duck,NA,NA,NA,Alan Zaslove,Tank Muddlefoot,Dana Hill,NA
Darkwing Duck,NA,NA,NA,Alan Zaslove,Taurus Bulba,Tim Curry,NA
Darkwing Duck,NA,NA,NA,Alan Zaslove,Tuskernini,Kenneth Mars,NA
Darkwing Duck,NA,NA,NA,Alan Zaslove,Vladimir Goudenov Grizzlikof,Ron Feinberg,NA
Tinker Bell and the Lost Treasure,NA,NA,NA,Klay Hall,Blaze,None,NA
Disney Fairies,NA,NA,NA,Bradley Raymond,Bobble,Rob Paulsen,NA
Disney Fairies,NA,NA,NA,Bradley Raymond,Clank,Jeff Bennett,NA
Disney Fairies,NA,NA,NA,Bradley Raymond,Fairy Mary,Jane Horrocks,NA
Disney Fairies,NA,NA,NA,Bradley Raymond,Fawn,America Ferrera,NA
Disney Fairies,NA,NA,NA,Bradley Raymond,Iridessa,Raven-Symoné,NA
Disney Fairies,NA,NA,NA,Bradley Raymond,Queen Clarion,Anjelica Huston,NA
Disney Fairies,NA,NA,NA,Bradley Raymond,Rosetta,Kristin Chenoweth,NA
Disney Fairies,NA,NA,NA,Bradley Raymond,Silvermist,Lucy Liu,NA
Disney Fairies,NA,NA,NA,Bradley Raymond,Terence,Jesse McCartney,NA
Disney Fairies,NA,NA,NA,Bradley Raymond,Vidia,Pamela Adlon,NA
Bonkers,NA,NA,NA,NA,Bonkers D. Bobcat,Jim Cummings,NA
Bonkers,NA,NA,NA,NA,Fall-Apart Rabbit,Frank Welker,NA
Bonkers,NA,NA,NA,NA,Miranda Wright,Karla DeVito,NA
Bonkers,NA,NA,NA,NA,Toots,Frank Welker,NA
Timon and Pumbaa,NA,NA,NA,Tony Craig,Boss Beaver,Brad Garrett,NA
Timon and Pumbaa,NA,NA,NA,Tony Craig,Cheetata and Cheetato,Rob Paulsen; Jim Cummings,NA
Timon and Pumbaa,NA,NA,NA,Tony Craig,Fred,S. Scott Bullock,NA
Timon and Pumbaa,NA,NA,NA,Tony Craig,Natives,Jeff Bennett,NA
Timon and Pumbaa,NA,NA,NA,Tony Craig,Quint,Corey Burton,NA
Timon and Pumbaa,NA,NA,NA,Tony Craig,Smolder the Bear,Jim Cummings,NA
Timon and Pumbaa,NA,NA,NA,Tony Craig,Speedy the Snail,Corey Burton,NA
Timon and Pumbaa,NA,NA,NA,Tony Craig,Vulture Police,Townsend Coleman; Brian Cummings,NA
Silly Symphonies,NA,NA,NA,Walt Disney,Bucky Bug,None,NA
Silly Symphonies,NA,NA,NA,Walt Disney,Elmer Elephant,None,NA
Silly Symphonies,NA,NA,NA,Walt Disney,Ferdinand the Bull,Milt Kahl,NA
Silly Symphonies,NA,NA,NA,Walt Disney,Jenny Wren,Martha Wentworth,NA
Silly Symphonies,NA,NA,NA,Walt Disney,Joe Giraffe,Pinto Colvig,NA
Silly Symphonies,NA,NA,NA,Walt Disney,Joey Hippo,None,NA
Silly Symphonies,NA,NA,NA,Walt Disney,Tillie Tiger,Alyce Ardell,NA
Bone Trouble,NA,NA,NA,Jack Kinney,Butch the Bulldog,Frank Welker,NA
101 Dalmatians: The Series,NA,NA,NA,NA,Cadpig,Kath Soucie,NA
101 Dalmatians: The Series,NA,NA,NA,NA,Spot,Tara Strong,NA
One Hundred and One Dalmatians,NA,NA,NA,Hamilton Luske,The Captain,Thurl Ravenscroft,NA
One Hundred and One Dalmatians,NA,NA,NA,Hamilton Luske,Duchess,Marjorie Bennett,NA
One Hundred and One Dalmatians,NA,NA,NA,Hamilton Luske,Lucky,Mimi Gibson,NA
One Hundred and One Dalmatians,NA,NA,NA,Hamilton Luske,Nanny,Martha Wentworth,NA
One Hundred and One Dalmatians,NA,NA,NA,Hamilton Luske,Patch,Mickey Maga,NA
One Hundred and One Dalmatians,NA,NA,NA,Hamilton Luske,Penny,Sandra Abbott,NA
One Hundred and One Dalmatians,NA,NA,NA,Hamilton Luske,Princess,Queenie Leonard,NA
One Hundred and One Dalmatians,NA,NA,NA,Hamilton Luske,Rolly,Barbara Beaird,NA
The Fox and the Hound 2,NA,NA,NA,Jim Kammerud,Cash,Patrick Swayze,NA
The Fox and the Hound 2,NA,NA,NA,Jim Kammerud,Dixie,Reba McEntire,NA
The Fox and the Hound 2,NA,NA,NA,Jim Kammerud,Granny Rose,Vicki Lawrence,NA
The Fox and the Hound 2,NA,NA,NA,Jim Kammerud,Lyle,Jeff Foxworthy,NA
Aladdin and the King of Thieves,NA,NA,NA,Tad Stones,Cassim,John Rhys-Davies,NA
Aladdin and the King of Thieves,NA,NA,NA,Tad Stones,Sa'luk,Jerry Orbach,NA
Belle's Magical World,NA,NA,NA,Cullen Blaine,Chandeleria,April Winchell,NA
Belle's Magical World,NA,NA,NA,Cullen Blaine,Crane,Jeff Bennett,NA
Belle's Magical World,NA,NA,NA,Cullen Blaine,Le Plufme,Rob Paulsen,NA
Belle's Magical World,NA,NA,NA,Cullen Blaine,Webster,Jim Cummings,NA
Belle's Magical World,NA,NA,NA,Cullen Blaine,Witherspoon,None,NA
Goof Troop,NA,NA,NA,Gaëtan Brizzi,Chainsaw,Frank Welker,NA
Goof Troop,NA,NA,NA,Gaëtan Brizzi,Max Goof,Dana Hill; Jason Marsden,NA
Goof Troop,NA,NA,NA,Gaëtan Brizzi,Peg Pete,April Winchell,NA
Goof Troop,NA,NA,NA,Gaëtan Brizzi,Pete Junior,Rob Paulsen,NA
Goof Troop,NA,NA,NA,Gaëtan Brizzi,Pistol Pete,Nancy Cartwright,NA
Goof Troop,NA,NA,NA,Gaëtan Brizzi,Waffles,Frank Welker,NA
Private Pluto,NA,NA,NA,Clyde Geronimi,Chip,James MacDonald,NA
Private Pluto,NA,NA,NA,Clyde Geronimi,Dale,Dessie Flynn; Corey Burton,NA
Winnie the Pooh and the Honey Tree,NA,NA,NA,Wolfgang Reitherman,Christopher Robin,Bruce Reitherman,NA
Winnie the Pooh and the Honey Tree,NA,NA,NA,Wolfgang Reitherman,Eeyore,Ralph Wright,NA
Winnie the Pooh and the Honey Tree,NA,NA,NA,Wolfgang Reitherman,Gopher,Howard Morris; Michael Gough,NA
Winnie the Pooh and the Honey Tree,NA,NA,NA,Wolfgang Reitherman,Kanga,Barbara Luddy,NA
Winnie the Pooh and the Honey Tree,NA,NA,NA,Wolfgang Reitherman,Owl,Hal Smith,NA
Winnie the Pooh and the Honey Tree,NA,NA,NA,Wolfgang Reitherman,Rabbit,Junius Matthews,NA
Winnie the Pooh and the Honey Tree,NA,NA,NA,Wolfgang Reitherman,Roo,Clint Howard,NA
Winnie the Pooh and the Honey Tree,NA,NA,NA,Wolfgang Reitherman,Roo,Dori Whittaker,NA
Winnie the Pooh and the Honey Tree,NA,NA,NA,Wolfgang Reitherman,Winnie the Pooh,Sterling Holloway,NA
Orphan's Benefit,NA,NA,NA,Riley Thomson,Clara Cluck,Florence Gill,NA
Plane Crazy,NA,NA,NA,Walt Disney,Clarabelle Cow,Marcellite Garner,NA
Plane Crazy,NA,NA,NA,Walt Disney,Minnie Mouse,Walt Disney; Marcellite Garner,NA
The Little Mermaid II: Return to the Sea,NA,NA,NA,Jim Kammerud,Cloak and Dagger,None,NA
The Little Mermaid II: Return to the Sea,NA,NA,NA,Jim Kammerud,Dash,Stephen Furst,NA
The Little Mermaid II: Return to the Sea,NA,NA,NA,Jim Kammerud,Melody,Tara Strong,NA
The Little Mermaid II: Return to the Sea,NA,NA,NA,Jim Kammerud,Morgana,Pat Carroll,NA
The Little Mermaid II: Return to the Sea,NA,NA,NA,Jim Kammerud,Tip,Max Casella,NA
Mr. Duck Steps Out,NA,NA,NA,Jack King,Daisy Duck,Clarence Nash; Gloria Blondell,NA
Return to Never Land,NA,NA,NA,Robin Budd,Danny,Andrew McDonough,NA
Return to Never Land,NA,NA,NA,Robin Budd,Edward,Roger Rees,NA
Return to Never Land,NA,NA,NA,Robin Budd,Jane,Harriet Owen,NA
Return to Never Land,NA,NA,NA,Robin Budd,The Octopus,Frank Welker,NA
My Friends Tigger & Pooh,NA,NA,NA,Don MacKinnon,Darby,Chloë Grace Moretz,NA
Donald's Nephews,NA,NA,NA,Jack King,Dewey,Clarence Nash; Russi Taylor,NA
Donald's Nephews,NA,NA,NA,Jack King,Huey,Clarence Nash; Russi Taylor,NA
Donald's Nephews,NA,NA,NA,Jack King,Louie,Clarence Nash; Russi Taylor,NA
The Sleepwalker,NA,NA,NA,Mona Fastvold,Dinah the Dachshund,None,NA
TaleSpin,NA,NA,NA,Larry Latham,Don Karnage,Jim Cummings,NA
TaleSpin,NA,NA,NA,Larry Latham,Kit Cloudkicker,R. J. Williams; Alan Roberts,NA
The Wise Little Hen,NA,NA,NA,Wilfred Jackson,Donald Duck,Clarence Nash; Tony Anselmo,NA
The Wise Little Hen,NA,NA,NA,Wilfred Jackson,Peter Pig,Pinto Colvig,NA
Stitch! The Movie,NA,NA,NA,Tony Craig,Dr. Jacques von Hamsterviel,Jeff Bennett,NA
Pete's Dragon,NA,NA,NA,David Lowery,Elliott,Charlie Callas,NA
Chip 'n Dale Rescue Rangers,NA,NA,NA,Akiva Schaffer,Fat Cat,Jim Cummings,NA
Chip 'n Dale Rescue Rangers,NA,NA,NA,Akiva Schaffer,Gadget Hackwrench,Tress MacNeille,NA
Chip 'n Dale Rescue Rangers,NA,NA,NA,Akiva Schaffer,Monterey Jack,Jim Cummings,NA
Chip 'n Dale Rescue Rangers,NA,NA,NA,Akiva Schaffer,Professor Norton Nimnul,Jim Cummings,NA
Chip 'n Dale Rescue Rangers,NA,NA,NA,Akiva Schaffer,Zipper,Corey Burton,NA
Mickey's Steam Roller,NA,NA,NA,David Hand,Ferdie Fieldmouse,None,NA
Mickey's Steam Roller,NA,NA,NA,David Hand,Morty Fieldmouse,None,NA
Journey into Imagination with Figment,NA,NA,NA,NA,Figment,Dave Goelz,NA
Higglytown Heroes,NA,NA,NA,NA,Fran,Edie McClurg,NA
Secret of the Wings,NA,NA,NA,Peggy Holmes,Gliss,Grey Delisle,NA
Secret of the Wings,NA,NA,NA,Peggy Holmes,Periwinkle,Lucy Hale,NA
Mickey's Revue,NA,NA,NA,Wilfred Jackson,Goofy,Pinto Colvig; Bill Farmer,NA
"This is Your Life, Donald Duck",NA,NA,NA,Jack Kinney,Grandma Duck,June Foray,NA
Bambi II,NA,NA,NA,Brian Pimental,The Groundhog,Brian Pimental,NA
Bambi II,NA,NA,NA,Brian Pimental,Mena,Cree Summer,NA
Bambi II,NA,NA,NA,Brian Pimental,Ronno,Anthony Ghannam,NA
Donald's Cousin Gus,NA,NA,NA,Jack King,Gus Goose,Clarence Nash,NA
The Plow Boy,NA,NA,NA,Paul Terry,Horace Horsecollar,Walt Disney; Bill Farmer,NA
Hold That Pose,NA,NA,NA,Jack Kinney,Humphrey the Bear,Jimmy MacDonald; Jim Cummings,NA
Grin and Bear It,NA,NA,NA,Jack Hannah,J. Audubon Woodlore,Bill Thompson,NA
The Lion King II: Simba's Pride,NA,NA,NA,Darrell Rooney,Kiara,Michelle Horn; Neve Campbell,NA
The Lion King II: Simba's Pride,NA,NA,NA,Darrell Rooney,Kovu,Ryan O'Donohue; Jason Marsden,NA
The Lion King II: Simba's Pride,NA,NA,NA,Darrell Rooney,Nuka,Andy Dick,NA
The Lion King II: Simba's Pride,NA,NA,NA,Darrell Rooney,Vitani,Lacey Chabert; Jennifer Lien,NA
The Lion King II: Simba's Pride,NA,NA,NA,Darrell Rooney,Zira,Suzanne Pleshette,NA
The Hunchback of Notre Dame II,NA,NA,NA,Bradley Raymond,Lady DeBurne,April Winchell,NA
The Hunchback of Notre Dame II,NA,NA,NA,Bradley Raymond,Madellaine,Jennifer Love Hewitt,NA
The Hunchback of Notre Dame II,NA,NA,NA,Bradley Raymond,Sarousch,Michael McKean,NA
The Hunchback of Notre Dame II,NA,NA,NA,Bradley Raymond,Zephyr,Haley Joel Osment,NA
The Porker's Court,NA,NA,NA,NA,Lil Bad Wolf,Andrew Lawrence,NA
Tinker Bell and the Great Fairy Rescue,NA,NA,NA,Bradley Raymond,Lizzy Griffths,Lauren Mote,NA
An Adventure in Color,NA,NA,NA,NA,Ludwig Von Drake,Paul Frees,NA
The Emperor's New School,NA,NA,NA,NA,Malina,Jessica Di Cicco,NA
The Tortoise and the Hare,NA,NA,NA,Wilfred Jackson,Max Hare,Ned Norton,NA
The Tortoise and the Hare,NA,NA,NA,Wilfred Jackson,Toby Tortoise,Eddie Holden,NA
Steamboat Willie,NA,NA,NA,Ub Iwerks,Mickey Mouse,Walt Disney,NA
Aladdin (TV series),NA,NA,NA,NA,Mirage,Bebe Neuwirth,NA
Aladdin (TV series),NA,NA,NA,NA,Xerxes,Frank Welker,NA
Mickey's Rival,NA,NA,NA,Wilfred Jackson,Mortimer Mouse,Maurice LaMarche,NA
Aladdin in Nasira's Revenge,NA,NA,NA,NA,Nasira,Jodi Benson,NA
Trolley Troubles,NA,NA,NA,Walt Disney,Oswald the Lucky Rabbit,Frank Welker,NA
Pepper Ann,NA,NA,NA,NA,Pepper Ann Pearson,Kathleen Wilhoite,NA
Alice Solves the Puzzle,NA,NA,NA,Walt Disney,Pete,Billy Bletcher; Jim Cummings,NA
Winnie the Pooh and the Blustery Day,NA,NA,NA,Wolfgang Reitherman,Piglet,John Fiedler,NA
Winnie the Pooh and the Blustery Day,NA,NA,NA,Wolfgang Reitherman,Tigger,Paul Winchell,NA
The Chain Gang,NA,NA,NA,Burt Gillett,Pluto,Pinto Colvig; Bill Farmer,NA
Tangled Ever After,NA,NA,NA,Byron Howard,Queen,Kari Wahlgren,NA
The Little Mermaid: Ariel's Beginning,NA,NA,NA,Peggy Holmes,Queen Athena,Lorelei Hill Butters,NA
Mulan 2,NA,NA,NA,Darrell Rooney,Sha-ron,Mary Gibbs,NA
The Reluctant Dragon,NA,NA,NA,Hamilton Luske,Sir Giles,Claud Allister,NA
The Reluctant Dragon,NA,NA,NA,Hamilton Luske,Tobias the Reluctant Dragon,Barnett Parker,NA
The Lion King 1½,NA,NA,NA,Bradley Raymond,Timon's Mother,Julie Kavner,NA
The Lion King 1½,NA,NA,NA,Bradley Raymond,Uncle Max,Jerry Stiller,NA
The Weekenders,NA,NA,NA,Sandy Johnson,Tino Tonitini,Jason Marsden,NA
The Pirate Fairy,NA,NA,NA,Peggy Holmes,Zarina,Christina Hendricks,NA
